storm_id,storm_name,basin,timestamp,satellite_source,image_path,channels,latitude,longitude,wind_kts,pressure_hpa,agency_status,derived_class,split
2020326N11063,GATI,NI,2020-11-20T12:00:00+00:00,SYN_PROXY,data/processed/frames/2020326N11063_202011201200.png,IR_PROXY,11.2,62.6,20.0,1008.0,,Depression,train
2020326N11063,GATI,NI,2020-11-20T15:00:00+00:00,SYN_PROXY,data/processed/frames/2020326N11063_202011201500.png,IR_PROXY,10.9702,62.1521,22.0,1007.0,,Depression,train
2020326N11063,GATI,NI,2020-11-20T18:00:00+00:00,SYN_PROXY,data/processed/frames/2020326N11063_202011201800.png,IR_PROXY,10.9,61.7,25.0,1006.0,,Depression,train
2020326N11063,GATI,NI,2020-11-20T21:00:00+00:00,SYN_PROXY,data/processed/frames/2020326N11063_202011202100.png,IR_PROXY,11.0771,61.2178,25.0,1005.0,,Depression,train
2020326N11063,GATI,NI,2020-11-21T00:00:00+00:00,SYN_PROXY,data/processed/frames/2020326N11063_202011210000.png,IR_PROXY,11.3,60.6,25.0,1004.0,,Depression,train
2020326N11063,GATI,NI,2020-11-21T03:00:00+00:00,SYN_PROXY,data/processed/frames/2020326N11063_202011210300.png,IR_PROXY,11.3302,59.7448,30.0,1003.0,,Deep Depression,train
2020326N11063,GATI,NI,2020-11-21T06:00:00+00:00,SYN_PROXY,data/processed/frames/2020326N11063_202011210600.png,IR_PROXY,11.3,58.8,35.0,1002.0,,Cyclonic Storm,train
2020326N11063,GATI,NI,2020-11-21T09:00:00+00:00,SYN_PROXY,data/processed/frames/2020326N11063_202011210900.png,IR_PROXY,11.3372,57.9428,32.0,1002.0,,Deep Depression,train
2020326N11063,GATI,NI,2020-11-21T12:00:00+00:00,SYN_PROXY,data/processed/frames/2020326N11063_202011211200.png,IR_PROXY,11.3,57.1,30.0,1003.0,,Deep Depression,train
2020326N11063,GATI,NI,2020-11-21T15:00:00+00:00,SYN_PROXY,data/processed/frames/2020326N11063_202011211500.png,IR_PROXY,11.0648,56.2421,32.0,1004.0,,Deep Depression,train
2020326N11063,GATI,NI,2020-11-21T18:00:00+00:00,SYN_PROXY,data/processed/frames/2020326N11063_202011211800.png,IR_PROXY,10.88,55.8,25.0,1005.0,,Depression,train
2020326N11063,GATI,NI,2020-11-21T21:00:00+00:00,SYN_PROXY,data/processed/frames/2020326N11063_202011212100.png,IR_PROXY,10.8673,55.2434,27.0,998.0,,Depression,train
2020326N11063,GATI,NI,2020-11-22T00:00:00+00:00,SYN_PROXY,data/processed/frames/2020326N11063_202011220000.png,IR_PROXY,10.8143,54.4857,30.0,992.0,,Deep Depression,train
2020326N11063,GATI,NI,2020-11-22T03:00:00+00:00,SYN_PROXY,data/processed/frames/2020326N11063_202011220300.png,IR_PROXY,10.5924,53.4525,40.0,979.0,,Cyclonic Storm,train
2020326N11063,GATI,NI,2020-11-22T06:00:00+00:00,SYN_PROXY,data/processed/frames/2020326N11063_202011220600.png,IR_PROXY,10.4,52.6,50.0,967.0,,Severe Cyclonic Storm,train
2020326N11063,GATI,NI,2020-11-22T09:00:00+00:00,SYN_PROXY,data/processed/frames/2020326N11063_202011220900.png,IR_PROXY,10.3924,51.9851,65.0,970.0,,Very Severe Cyclonic Storm,train
2020326N11063,GATI,NI,2020-11-22T12:00:00+00:00,SYN_PROXY,data/processed/frames/2020326N11063_202011221200.png,IR_PROXY,10.4,51.5,75.0,974.0,,Very Severe Cyclonic Storm,train
2020326N11063,GATI,NI,2020-11-22T15:00:00+00:00,SYN_PROXY,data/processed/frames/2020326N11063_202011221500.png,IR_PROXY,10.385,51.0137,75.0,983.0,,Very Severe Cyclonic Storm,train
2020326N11063,GATI,NI,2020-11-22T18:00:00+00:00,SYN_PROXY,data/processed/frames/2020326N11063_202011221800.png,IR_PROXY,10.4,50.55,65.0,992.0,,Very Severe Cyclonic Storm,train
2020326N11063,GATI,NI,2020-11-22T21:00:00+00:00,SYN_PROXY,data/processed/frames/2020326N11063_202011222100.png,IR_PROXY,10.4812,50.1638,60.0,996.0,,Severe Cyclonic Storm,train
2020326N11063,GATI,NI,2020-11-23T00:00:00+00:00,SYN_PROXY,data/processed/frames/2020326N11063_202011230000.png,IR_PROXY,10.65,49.95,45.0,1000.0,,Cyclonic Storm,train
2020326N11063,GATI,NI,2020-11-23T03:00:00+00:00,SYN_PROXY,data/processed/frames/2020326N11063_202011230300.png,IR_PROXY,10.8787,49.65,35.0,1002.0,,Cyclonic Storm,train
2020326N11063,GATI,NI,2020-11-23T06:00:00+00:00,SYN_PROXY,data/processed/frames/2020326N11063_202011230600.png,IR_PROXY,11.1,49.25,30.0,1005.0,,Deep Depression,train
2020326N11063,GATI,NI,2020-11-23T09:00:00+00:00,SYN_PROXY,data/processed/frames/2020326N11063_202011230900.png,IR_PROXY,11.2823,48.9135,30.0,1005.0,,Deep Depression,train
2020326N11063,GATI,NI,2020-11-23T12:00:00+00:00,SYN_PROXY,data/processed/frames/2020326N11063_202011231200.png,IR_PROXY,11.45,48.55,30.0,1005.0,,Deep Depression,train
2020326N11063,GATI,NI,2020-11-23T15:00:00+00:00,SYN_PROXY,data/processed/frames/2020326N11063_202011231500.png,IR_PROXY,11.6739,48.0215,30.0,1006.0,,Deep Depression,train
2020326N11063,GATI,NI,2020-11-23T18:00:00+00:00,SYN_PROXY,data/processed/frames/2020326N11063_202011231800.png,IR_PROXY,11.8,47.5,30.0,1007.0,,Deep Depression,train
2020326N11063,GATI,NI,2020-11-23T21:00:00+00:00,SYN_PROXY,data/processed/frames/2020326N11063_202011232100.png,IR_PROXY,11.6944,47.1065,27.0,1008.0,,Depression,train
2020326N11063,GATI,NI,2020-11-24T00:00:00+00:00,SYN_PROXY,data/processed/frames/2020326N11063_202011240000.png,IR_PROXY,11.4667,46.8,25.0,1009.0,,Depression,train
2020326N11063,GATI,NI,2020-11-24T03:00:00+00:00,SYN_PROXY,data/processed/frames/2020326N11063_202011240300.png,IR_PROXY,11.2399,46.6041,20.0,1010.0,,Depression,train
2020326N11063,GATI,NI,2020-11-24T06:00:00+00:00,SYN_PROXY,data/processed/frames/2020326N11063_202011240600.png,IR_PROXY,10.9,46.5,25.0,1011.0,,Depression,train
2020326N11063,GATI,NI,2020-11-24T09:00:00+00:00,SYN_PROXY,data/processed/frames/2020326N11063_202011240900.png,IR_PROXY,10.65,46.4149,20.0,1012.0,,Depression,train
2020326N11063,GATI,NI,2020-11-24T12:00:00+00:00,SYN_PROXY,data/processed/frames/2020326N11063_202011241200.png,IR_PROXY,10.4,46.3,15.0,1013.0,,Depression,train
2020327N08086,NIVAR,NI,2020-11-22T06:00:00+00:00,SYN_PROXY,data/processed/frames/2020327N08086_202011220600.png,IR_PROXY,7.8,86.1,20.0,1007.0,,Depression,train
2020327N08086,NIVAR,NI,2020-11-22T09:00:00+00:00,SYN_PROXY,data/processed/frames/2020327N08086_202011220900.png,IR_PROXY,8.165,85.8501,20.0,1007.0,,Depression,train
2020327N08086,NIVAR,NI,2020-11-22T12:00:00+00:00,SYN_PROXY,data/processed/frames/2020327N08086_202011221200.png,IR_PROXY,8.5,85.6,20.0,1007.0,,Depression,train
2020327N08086,NIVAR,NI,2020-11-22T15:00:00+00:00,SYN_PROXY,data/processed/frames/2020327N08086_202011221500.png,IR_PROXY,8.78,85.35,22.0,1007.0,,Depression,train
2020327N08086,NIVAR,NI,2020-11-22T18:00:00+00:00,SYN_PROXY,data/processed/frames/2020327N08086_202011221800.png,IR_PROXY,9.0,85.1,25.0,1008.0,,Depression,train
2020327N08086,NIVAR,NI,2020-11-22T21:00:00+00:00,SYN_PROXY,data/processed/frames/2020327N08086_202011222100.png,IR_PROXY,9.032,84.9519,25.0,1006.0,,Depression,train
2020327N08086,NIVAR,NI,2020-11-23T00:00:00+00:00,SYN_PROXY,data/processed/frames/2020327N08086_202011230000.png,IR_PROXY,9.3,84.5667,25.0,1005.0,,Depression,train
2020327N08086,NIVAR,NI,2020-11-23T03:00:00+00:00,SYN_PROXY,data/processed/frames/2020327N08086_202011230300.png,IR_PROXY,9.4715,84.2157,25.0,1005.0,,Depression,train
2020327N08086,NIVAR,NI,2020-11-23T06:00:00+00:00,SYN_PROXY,data/processed/frames/2020327N08086_202011230600.png,IR_PROXY,9.6,83.95,25.0,1005.0,,Depression,train
2020327N08086,NIVAR,NI,2020-11-23T09:00:00+00:00,SYN_PROXY,data/processed/frames/2020327N08086_202011230900.png,IR_PROXY,9.7362,83.7741,27.0,1005.0,,Depression,train
2020327N08086,NIVAR,NI,2020-11-23T12:00:00+00:00,SYN_PROXY,data/processed/frames/2020327N08086_202011231200.png,IR_PROXY,9.85,83.65,30.0,1005.0,,Deep Depression,train
2020327N08086,NIVAR,NI,2020-11-23T15:00:00+00:00,SYN_PROXY,data/processed/frames/2020327N08086_202011231500.png,IR_PROXY,9.9262,83.5462,30.0,1004.0,,Deep Depression,train
2020327N08086,NIVAR,NI,2020-11-23T18:00:00+00:00,SYN_PROXY,data/processed/frames/2020327N08086_202011231800.png,IR_PROXY,9.95,83.45,30.0,1004.0,,Deep Depression,train
2020327N08086,NIVAR,NI,2020-11-23T21:00:00+00:00,SYN_PROXY,data/processed/frames/2020327N08086_202011232100.png,IR_PROXY,9.9106,83.3134,32.0,1003.0,,Deep Depression,train
2020327N08086,NIVAR,NI,2020-11-24T00:00:00+00:00,SYN_PROXY,data/processed/frames/2020327N08086_202011240000.png,IR_PROXY,9.85,83.2,35.0,1003.0,,Cyclonic Storm,train
2020327N08086,NIVAR,NI,2020-11-24T03:00:00+00:00,SYN_PROXY,data/processed/frames/2020327N08086_202011240300.png,IR_PROXY,9.8063,83.15,35.0,1001.0,,Cyclonic Storm,train
2020327N08086,NIVAR,NI,2020-11-24T06:00:00+00:00,SYN_PROXY,data/processed/frames/2020327N08086_202011240600.png,IR_PROXY,9.8,82.95,40.0,1000.0,,Cyclonic Storm,train
2020327N08086,NIVAR,NI,2020-11-24T09:00:00+00:00,SYN_PROXY,data/processed/frames/2020327N08086_202011240900.png,IR_PROXY,9.86,82.85,45.0,997.0,,Cyclonic Storm,train
2020327N08086,NIVAR,NI,2020-11-24T12:00:00+00:00,SYN_PROXY,data/processed/frames/2020327N08086_202011241200.png,IR_PROXY,10.0,82.75,45.0,995.0,,Cyclonic Storm,train
2020327N08086,NIVAR,NI,2020-11-24T15:00:00+00:00,SYN_PROXY,data/processed/frames/2020327N08086_202011241500.png,IR_PROXY,10.0675,82.6575,45.0,994.0,,Cyclonic Storm,train
2020327N08086,NIVAR,NI,2020-11-24T18:00:00+00:00,SYN_PROXY,data/processed/frames/2020327N08086_202011241800.png,IR_PROXY,10.2,82.55,50.0,994.0,,Severe Cyclonic Storm,train
2020327N08086,NIVAR,NI,2020-11-24T21:00:00+00:00,SYN_PROXY,data/processed/frames/2020327N08086_202011242100.png,IR_PROXY,10.3675,82.4262,55.0,991.0,,Severe Cyclonic Storm,train
2020327N08086,NIVAR,NI,2020-11-25T00:00:00+00:00,SYN_PROXY,data/processed/frames/2020327N08086_202011250000.png,IR_PROXY,10.6,82.2,60.0,988.0,,Severe Cyclonic Storm,train
2020327N08086,NIVAR,NI,2020-11-25T03:00:00+00:00,SYN_PROXY,data/processed/frames/2020327N08086_202011250300.png,IR_PROXY,10.8289,81.8251,60.0,989.0,,Severe Cyclonic Storm,train
2020327N08086,NIVAR,NI,2020-11-25T06:00:00+00:00,SYN_PROXY,data/processed/frames/2020327N08086_202011250600.png,IR_PROXY,11.1,81.4,60.0,990.0,,Severe Cyclonic Storm,train
2020327N08086,NIVAR,NI,2020-11-25T09:00:00+00:00,SYN_PROXY,data/processed/frames/2020327N08086_202011250900.png,IR_PROXY,11.2999,81.1349,65.0,986.0,,Very Severe Cyclonic Storm,train
2020327N08086,NIVAR,NI,2020-11-25T12:00:00+00:00,SYN_PROXY,data/processed/frames/2020327N08086_202011251200.png,IR_PROXY,11.5,80.9,65.0,982.0,,Very Severe Cyclonic Storm,train
2020327N08086,NIVAR,NI,2020-11-25T15:00:00+00:00,SYN_PROXY,data/processed/frames/2020327N08086_202011251500.png,IR_PROXY,11.7713,80.625,65.0,985.0,,Very Severe Cyclonic Storm,train
2020327N08086,NIVAR,NI,2020-11-25T18:00:00+00:00,SYN_PROXY,data/processed/frames/2020327N08086_202011251800.png,IR_PROXY,12.05,80.35,65.0,989.0,,Very Severe Cyclonic Storm,train
2020327N08086,NIVAR,NI,2020-11-25T21:00:00+00:00,SYN_PROXY,data/processed/frames/2020327N08086_202011252100.png,IR_PROXY,12.225,80.1425,60.0,991.0,,Severe Cyclonic Storm,train
2020327N08086,NIVAR,NI,2020-11-26T00:00:00+00:00,SYN_PROXY,data/processed/frames/2020327N08086_202011260000.png,IR_PROXY,12.45,79.95,50.0,993.0,,Severe Cyclonic Storm,train
2020327N08086,NIVAR,NI,2020-11-26T03:00:00+00:00,SYN_PROXY,data/processed/frames/2020327N08086_202011260300.png,IR_PROXY,12.7325,79.7025,40.0,994.0,,Cyclonic Storm,train
2020327N08086,NIVAR,NI,2020-11-26T06:00:00+00:00,SYN_PROXY,data/processed/frames/2020327N08086_202011260600.png,IR_PROXY,13.0,79.6,35.0,996.0,,Cyclonic Storm,train
2020327N08086,NIVAR,NI,2020-11-26T09:00:00+00:00,SYN_PROXY,data/processed/frames/2020327N08086_202011260900.png,IR_PROXY,13.2825,79.6237,30.0,998.0,,Deep Depression,train
2020327N08086,NIVAR,NI,2020-11-26T12:00:00+00:00,SYN_PROXY,data/processed/frames/2020327N08086_202011261200.png,IR_PROXY,13.4857,79.8,30.0,1001.0,,Deep Depression,train
2020327N08086,NIVAR,NI,2020-11-26T15:00:00+00:00,SYN_PROXY,data/processed/frames/2020327N08086_202011261500.png,IR_PROXY,13.6399,80.0355,25.0,1000.0,,Depression,train
2020327N08086,NIVAR,NI,2020-11-26T18:00:00+00:00,SYN_PROXY,data/processed/frames/2020327N08086_202011261800.png,IR_PROXY,13.76,80.32,20.0,1000.0,,Depression,train
2020327N08086,NIVAR,NI,2020-11-26T21:00:00+00:00,SYN_PROXY,data/processed/frames/2020327N08086_202011262100.png,IR_PROXY,13.8425,80.645,32.0,1002.0,,Deep Depression,train
2020327N08086,NIVAR,NI,2020-11-27T00:00:00+00:00,SYN_PROXY,data/processed/frames/2020327N08086_202011270000.png,IR_PROXY,14.0,80.7,30.0,1005.0,,Deep Depression,train
2020327N08086,NIVAR,NI,2020-11-27T03:00:00+00:00,SYN_PROXY,data/processed/frames/2020327N08086_202011270300.png,IR_PROXY,14.1775,80.645,27.0,1004.0,,Depression,train
2020327N08086,NIVAR,NI,2020-11-27T06:00:00+00:00,SYN_PROXY,data/processed/frames/2020327N08086_202011270600.png,IR_PROXY,14.4,80.5,25.0,1004.0,,Depression,train
2020327N08086,NIVAR,NI,2020-11-27T09:00:00+00:00,SYN_PROXY,data/processed/frames/2020327N08086_202011270900.png,IR_PROXY,14.6825,80.3101,22.0,1006.0,,Depression,train
2020327N08086,NIVAR,NI,2020-11-27T12:00:00+00:00,SYN_PROXY,data/processed/frames/2020327N08086_202011271200.png,IR_PROXY,15.0,80.1,20.0,1009.0,,Depression,train
2020335N06090,BUREVI,NI,2020-11-29T12:00:00+00:00,SYN_PROXY,data/processed/frames/2020335N06090_202011291200.png,IR_PROXY,6.4,90.4,10.0,1014.0,,Depression,train
2020335N06090,BUREVI,NI,2020-11-29T15:00:00+00:00,SYN_PROXY,data/processed/frames/2020335N06090_202011291500.png,IR_PROXY,6.625,89.7724,15.0,1011.0,,Depression,train
2020335N06090,BUREVI,NI,2020-11-29T18:00:00+00:00,SYN_PROXY,data/processed/frames/2020335N06090_202011291800.png,IR_PROXY,6.9,89.1,20.0,1008.0,,Depression,train
2020335N06090,BUREVI,NI,2020-11-29T21:00:00+00:00,SYN_PROXY,data/processed/frames/2020335N06090_202011292100.png,IR_PROXY,7.2376,88.3827,17.0,1008.0,,Depression,train
2020335N06090,BUREVI,NI,2020-11-30T00:00:00+00:00,SYN_PROXY,data/processed/frames/2020335N06090_202011300000.png,IR_PROXY,7.5,87.84,20.0,1008.0,,Depression,train
2020335N06090,BUREVI,NI,2020-11-30T03:00:00+00:00,SYN_PROXY,data/processed/frames/2020335N06090_202011300300.png,IR_PROXY,7.6066,87.5782,25.0,1007.0,,Depression,train
2020335N06090,BUREVI,NI,2020-11-30T06:00:00+00:00,SYN_PROXY,data/processed/frames/2020335N06090_202011300600.png,IR_PROXY,7.6286,87.4,25.0,1006.0,,Depression,train
2020335N06090,BUREVI,NI,2020-11-30T09:00:00+00:00,SYN_PROXY,data/processed/frames/2020335N06090_202011300900.png,IR_PROXY,7.5873,87.236,25.0,1005.0,,Depression,train
2020335N06090,BUREVI,NI,2020-11-30T12:00:00+00:00,SYN_PROXY,data/processed/frames/2020335N06090_202011301200.png,IR_PROXY,7.5,87.1,25.0,1005.0,,Depression,train
2020335N06090,BUREVI,NI,2020-11-30T15:00:00+00:00,SYN_PROXY,data/processed/frames/2020335N06090_202011301500.png,IR_PROXY,7.4962,86.9513,25.0,1005.0,,Depression,train
2020335N06090,BUREVI,NI,2020-11-30T18:00:00+00:00,SYN_PROXY,data/processed/frames/2020335N06090_202011301800.png,IR_PROXY,7.5,86.75,25.0,1006.0,,Depression,train
2020335N06090,BUREVI,NI,2020-11-30T21:00:00+00:00,SYN_PROXY,data/processed/frames/2020335N06090_202011302100.png,IR_PROXY,7.4459,86.4468,27.0,1005.0,,Depression,train
2020335N06090,BUREVI,NI,2020-12-01T00:00:00+00:00,SYN_PROXY,data/processed/frames/2020335N06090_202012010000.png,IR_PROXY,7.4,86.1,30.0,1005.0,,Deep Depression,train
2020335N06090,BUREVI,NI,2020-12-01T03:00:00+00:00,SYN_PROXY,data/processed/frames/2020335N06090_202012010300.png,IR_PROXY,7.4025,85.7712,30.0,1004.0,,Deep Depression,train
2020335N06090,BUREVI,NI,2020-12-01T06:00:00+00:00,SYN_PROXY,data/processed/frames/2020335N06090_202012010600.png,IR_PROXY,7.45,85.4,30.0,1003.0,,Deep Depression,train
2020335N06090,BUREVI,NI,2020-12-01T09:00:00+00:00,SYN_PROXY,data/processed/frames/2020335N06090_202012010900.png,IR_PROXY,7.5637,85.1119,32.0,1002.0,,Deep Depression,train
2020335N06090,BUREVI,NI,2020-12-01T12:00:00+00:00,SYN_PROXY,data/processed/frames/2020335N06090_202012011200.png,IR_PROXY,7.7,84.85,35.0,1002.0,,Cyclonic Storm,train
2020335N06090,BUREVI,NI,2020-12-01T15:00:00+00:00,SYN_PROXY,data/processed/frames/2020335N06090_202012011500.png,IR_PROXY,7.8,84.5537,35.0,1001.0,,Cyclonic Storm,train
2020335N06090,BUREVI,NI,2020-12-01T18:00:00+00:00,SYN_PROXY,data/processed/frames/2020335N06090_202012011800.png,IR_PROXY,8.0,84.25,35.0,1001.0,,Cyclonic Storm,train
2020335N06090,BUREVI,NI,2020-12-01T21:00:00+00:00,SYN_PROXY,data/processed/frames/2020335N06090_202012012100.png,IR_PROXY,8.2538,83.675,35.0,1000.0,,Cyclonic Storm,train
2020335N06090,BUREVI,NI,2020-12-02T00:00:00+00:00,SYN_PROXY,data/processed/frames/2020335N06090_202012020000.png,IR_PROXY,8.45,83.3,40.0,999.0,,Cyclonic Storm,train
2020335N06090,BUREVI,NI,2020-12-02T03:00:00+00:00,SYN_PROXY,data/processed/frames/2020335N06090_202012020300.png,IR_PROXY,8.5825,82.9,40.0,1000.0,,Cyclonic Storm,train
2020335N06090,BUREVI,NI,2020-12-02T06:00:00+00:00,SYN_PROXY,data/processed/frames/2020335N06090_202012020600.png,IR_PROXY,8.7,82.6,45.0,1002.0,,Cyclonic Storm,train
2020335N06090,BUREVI,NI,2020-12-02T09:00:00+00:00,SYN_PROXY,data/processed/frames/2020335N06090_202012020900.png,IR_PROXY,8.7537,82.2362,45.0,1002.0,,Cyclonic Storm,train
2020335N06090,BUREVI,NI,2020-12-02T12:00:00+00:00,SYN_PROXY,data/processed/frames/2020335N06090_202012021200.png,IR_PROXY,8.8,81.85,45.0,1002.0,,Cyclonic Storm,train
2020335N06090,BUREVI,NI,2020-12-02T15:00:00+00:00,SYN_PROXY,data/processed/frames/2020335N06090_202012021500.png,IR_PROXY,8.8575,81.6288,45.0,1001.0,,Cyclonic Storm,train
2020335N06090,BUREVI,NI,2020-12-02T18:00:00+00:00,SYN_PROXY,data/processed/frames/2020335N06090_202012021800.png,IR_PROXY,8.95,81.15,45.0,1001.0,,Cyclonic Storm,train
2020335N06090,BUREVI,NI,2020-12-02T21:00:00+00:00,SYN_PROXY,data/processed/frames/2020335N06090_202012022100.png,IR_PROXY,8.9925,80.87,40.0,1000.0,,Cyclonic Storm,train
2020335N06090,BUREVI,NI,2020-12-03T00:00:00+00:00,SYN_PROXY,data/processed/frames/2020335N06090_202012030000.png,IR_PROXY,9.0,80.45,40.0,1000.0,,Cyclonic Storm,train
2020335N06090,BUREVI,NI,2020-12-03T03:00:00+00:00,SYN_PROXY,data/processed/frames/2020335N06090_202012030300.png,IR_PROXY,9.1425,80.36,40.0,1002.0,,Cyclonic Storm,train
2020335N06090,BUREVI,NI,2020-12-03T06:00:00+00:00,SYN_PROXY,data/processed/frames/2020335N06090_202012030600.png,IR_PROXY,9.3,80.1,40.0,1004.0,,Cyclonic Storm,train
2020335N06090,BUREVI,NI,2020-12-03T09:00:00+00:00,SYN_PROXY,data/processed/frames/2020335N06090_202012030900.png,IR_PROXY,9.3688,79.8,35.0,1002.0,,Cyclonic Storm,train
2020335N06090,BUREVI,NI,2020-12-03T12:00:00+00:00,SYN_PROXY,data/processed/frames/2020335N06090_202012031200.png,IR_PROXY,9.4,79.6,30.0,1001.0,,Deep Depression,train
2020335N06090,BUREVI,NI,2020-12-03T15:00:00+00:00,SYN_PROXY,data/processed/frames/2020335N06090_202012031500.png,IR_PROXY,9.39,79.4137,30.0,1000.0,,Deep Depression,train
2020335N06090,BUREVI,NI,2020-12-03T18:00:00+00:00,SYN_PROXY,data/processed/frames/2020335N06090_202012031800.png,IR_PROXY,9.3,79.3,30.0,1000.0,,Deep Depression,train
2020335N06090,BUREVI,NI,2020-12-03T21:00:00+00:00,SYN_PROXY,data/processed/frames/2020335N06090_202012032100.png,IR_PROXY,9.25,79.2712,30.0,1000.0,,Deep Depression,train
2020335N06090,BUREVI,NI,2020-12-04T00:00:00+00:00,SYN_PROXY,data/processed/frames/2020335N06090_202012040000.png,IR_PROXY,9.2,79.25,30.0,1000.0,,Deep Depression,train
2020335N06090,BUREVI,NI,2020-12-04T03:00:00+00:00,SYN_PROXY,data/processed/frames/2020335N06090_202012040300.png,IR_PROXY,9.1358,79.2159,30.0,1001.0,,Deep Depression,train
2020335N06090,BUREVI,NI,2020-12-04T06:00:00+00:00,SYN_PROXY,data/processed/frames/2020335N06090_202012040600.png,IR_PROXY,9.15,79.25,30.0,1003.0,,Deep Depression,train
2020335N06090,BUREVI,NI,2020-12-04T09:00:00+00:00,SYN_PROXY,data/processed/frames/2020335N06090_202012040900.png,IR_PROXY,9.3,79.4,27.0,1004.0,,Depression,train
2020335N06090,BUREVI,NI,2020-12-04T12:00:00+00:00,SYN_PROXY,data/processed/frames/2020335N06090_202012041200.png,IR_PROXY,9.35,79.4,25.0,1002.0,,Depression,train
2020335N06090,BUREVI,NI,2020-12-04T15:00:00+00:00,SYN_PROXY,data/processed/frames/2020335N06090_202012041500.png,IR_PROXY,9.2705,79.3033,25.0,1002.0,,Depression,train
2020335N06090,BUREVI,NI,2020-12-04T18:00:00+00:00,SYN_PROXY,data/processed/frames/2020335N06090_202012041800.png,IR_PROXY,9.15,79.2,25.0,1002.0,,Depression,train
2020335N06090,BUREVI,NI,2020-12-04T21:00:00+00:00,SYN_PROXY,data/processed/frames/2020335N06090_202012042100.png,IR_PROXY,9.0943,79.2886,22.0,1002.0,,Depression,train
2020335N06090,BUREVI,NI,2020-12-05T00:00:00+00:00,SYN_PROXY,data/processed/frames/2020335N06090_202012050000.png,IR_PROXY,9.1,79.38,20.0,1003.0,,Depression,train
2020335N06090,BUREVI,NI,2020-12-05T03:00:00+00:00,SYN_PROXY,data/processed/frames/2020335N06090_202012050300.png,IR_PROXY,9.205,79.535,20.0,1004.0,,Depression,train
2020335N06090,BUREVI,NI,2020-12-05T06:00:00+00:00,SYN_PROXY,data/processed/frames/2020335N06090_202012050600.png,IR_PROXY,9.5,80.1,20.0,1005.0,,Depression,train
2020353N06129,KROVANH,WP,2020-12-17T12:00:00+00:00,SYN_PROXY,data/processed/frames/2020353N06129_202012171200.png,IR_PROXY,5.8,129.0,15.0,1009.0,,Depression,val
2020353N06129,KROVANH,WP,2020-12-17T15:00:00+00:00,SYN_PROXY,data/processed/frames/2020353N06129_202012171500.png,IR_PROXY,6.1927,128.355,15.0,1009.0,,Depression,val
2020353N06129,KROVANH,WP,2020-12-17T18:00:00+00:00,SYN_PROXY,data/processed/frames/2020353N06129_202012171800.png,IR_PROXY,6.5,127.8,15.0,1009.0,,Depression,val
2020353N06129,KROVANH,WP,2020-12-17T21:00:00+00:00,SYN_PROXY,data/processed/frames/2020353N06129_202012172100.png,IR_PROXY,6.6848,127.385,17.0,1006.0,,Depression,val
2020353N06129,KROVANH,WP,2020-12-18T00:00:00+00:00,SYN_PROXY,data/processed/frames/2020353N06129_202012180000.png,IR_PROXY,7.0667,127.167,20.0,1004.0,,Depression,val
2020353N06129,KROVANH,WP,2020-12-18T03:00:00+00:00,SYN_PROXY,data/processed/frames/2020353N06129_202012180300.png,IR_PROXY,7.5624,126.707,15.0,1004.0,,Depression,val
2020353N06129,KROVANH,WP,2020-12-18T06:00:00+00:00,SYN_PROXY,data/processed/frames/2020353N06129_202012180600.png,IR_PROXY,8.07,126.06,10.0,1004.0,,Depression,val
2020353N06129,KROVANH,WP,2020-12-18T09:00:00+00:00,SYN_PROXY,data/processed/frames/2020353N06129_202012180900.png,IR_PROXY,8.5675,125.21,10.0,1005.0,,Depression,val
2020353N06129,KROVANH,WP,2020-12-18T12:00:00+00:00,SYN_PROXY,data/processed/frames/2020353N06129_202012181200.png,IR_PROXY,8.9,124.267,10.0,1006.0,,Depression,val
2020353N06129,KROVANH,WP,2020-12-18T15:00:00+00:00,SYN_PROXY,data/processed/frames/2020353N06129_202012181500.png,IR_PROXY,8.9358,123.322,15.0,1005.0,,Depression,val
2020353N06129,KROVANH,WP,2020-12-18T18:00:00+00:00,SYN_PROXY,data/processed/frames/2020353N06129_202012181800.png,IR_PROXY,8.8667,122.433,20.0,1004.0,,Depression,val
2020353N06129,KROVANH,WP,2020-12-18T21:00:00+00:00,SYN_PROXY,data/processed/frames/2020353N06129_202012182100.png,IR_PROXY,8.8914,121.669,20.0,1004.0,,Depression,val
2020353N06129,KROVANH,WP,2020-12-19T00:00:00+00:00,SYN_PROXY,data/processed/frames/2020353N06129_202012190000.png,IR_PROXY,8.9667,121.0,20.0,1004.0,,Depression,val
2020353N06129,KROVANH,WP,2020-12-19T03:00:00+00:00,SYN_PROXY,data/processed/frames/2020353N06129_202012190300.png,IR_PROXY,9.0815,120.39,20.0,1002.0,,Depression,val
2020353N06129,KROVANH,WP,2020-12-19T06:00:00+00:00,SYN_PROXY,data/processed/frames/2020353N06129_202012190600.png,IR_PROXY,9.2667,119.8,20.0,1001.0,,Depression,val
2020353N06129,KROVANH,WP,2020-12-19T09:00:00+00:00,SYN_PROXY,data/processed/frames/2020353N06129_202012190900.png,IR_PROXY,9.5773,119.185,22.0,1002.0,,Depression,val
2020353N06129,KROVANH,WP,2020-12-19T12:00:00+00:00,SYN_PROXY,data/processed/frames/2020353N06129_202012191200.png,IR_PROXY,9.8333,118.5,25.0,1004.0,,Depression,val
2020353N06129,KROVANH,WP,2020-12-19T15:00:00+00:00,SYN_PROXY,data/processed/frames/2020353N06129_202012191500.png,IR_PROXY,9.8276,117.666,22.0,1005.0,,Depression,val
2020353N06129,KROVANH,WP,2020-12-19T18:00:00+00:00,SYN_PROXY,data/processed/frames/2020353N06129_202012191800.png,IR_PROXY,9.8154,116.892,20.0,1007.0,,Depression,val
2020353N06129,KROVANH,WP,2020-12-19T21:00:00+00:00,SYN_PROXY,data/processed/frames/2020353N06129_202012192100.png,IR_PROXY,9.9387,116.197,22.0,1006.0,,Depression,val
2020353N06129,KROVANH,WP,2020-12-20T00:00:00+00:00,SYN_PROXY,data/processed/frames/2020353N06129_202012200000.png,IR_PROXY,10.0533,115.487,25.0,1005.0,,Depression,val
2020353N06129,KROVANH,WP,2020-12-20T03:00:00+00:00,SYN_PROXY,data/processed/frames/2020353N06129_202012200300.png,IR_PROXY,10.1223,115.173,25.0,1004.0,,Depression,val
2020353N06129,KROVANH,WP,2020-12-20T06:00:00+00:00,SYN_PROXY,data/processed/frames/2020353N06129_202012200600.png,IR_PROXY,10.125,114.975,25.0,1004.0,,Depression,val
2020353N06129,KROVANH,WP,2020-12-20T09:00:00+00:00,SYN_PROXY,data/processed/frames/2020353N06129_202012200900.png,IR_PROXY,10.0169,114.644,25.0,1004.0,,Depression,val
2020353N06129,KROVANH,WP,2020-12-20T12:00:00+00:00,SYN_PROXY,data/processed/frames/2020353N06129_202012201200.png,IR_PROXY,9.875,114.35,25.0,1004.0,,Depression,val
2020353N06129,KROVANH,WP,2020-12-20T15:00:00+00:00,SYN_PROXY,data/processed/frames/2020353N06129_202012201500.png,IR_PROXY,9.7162,114.121,25.0,1003.0,,Depression,val
2020353N06129,KROVANH,WP,2020-12-20T18:00:00+00:00,SYN_PROXY,data/processed/frames/2020353N06129_202012201800.png,IR_PROXY,9.5,113.925,25.0,1003.0,,Depression,val
2020353N06129,KROVANH,WP,2020-12-20T21:00:00+00:00,SYN_PROXY,data/processed/frames/2020353N06129_202012202100.png,IR_PROXY,9.3444,113.711,22.0,1004.0,,Depression,val
2020353N06129,KROVANH,WP,2020-12-21T00:00:00+00:00,SYN_PROXY,data/processed/frames/2020353N06129_202012210000.png,IR_PROXY,9.225,113.425,20.0,1005.0,,Depression,val
2020353N06129,KROVANH,WP,2020-12-21T03:00:00+00:00,SYN_PROXY,data/processed/frames/2020353N06129_202012210300.png,IR_PROXY,9.15,113.159,22.0,1004.0,,Depression,val
2020353N06129,KROVANH,WP,2020-12-21T06:00:00+00:00,SYN_PROXY,data/processed/frames/2020353N06129_202012210600.png,IR_PROXY,9.025,112.9,25.0,1003.0,,Depression,val
2020353N06129,KROVANH,WP,2020-12-21T09:00:00+00:00,SYN_PROXY,data/processed/frames/2020353N06129_202012210900.png,IR_PROXY,8.8844,112.563,25.0,1003.0,,Depression,val
2020353N06129,KROVANH,WP,2020-12-21T12:00:00+00:00,SYN_PROXY,data/processed/frames/2020353N06129_202012211200.png,IR_PROXY,8.775,112.25,25.0,1003.0,,Depression,val
2020353N06129,KROVANH,WP,2020-12-21T15:00:00+00:00,SYN_PROXY,data/processed/frames/2020353N06129_202012211500.png,IR_PROXY,8.6294,111.864,25.0,1003.0,,Depression,val
2020353N06129,KROVANH,WP,2020-12-21T18:00:00+00:00,SYN_PROXY,data/processed/frames/2020353N06129_202012211800.png,IR_PROXY,8.45,111.55,25.0,1004.0,,Depression,val
2020353N06129,KROVANH,WP,2020-12-21T21:00:00+00:00,SYN_PROXY,data/processed/frames/2020353N06129_202012212100.png,IR_PROXY,8.1919,111.257,25.0,1004.0,,Depression,val
2020353N06129,KROVANH,WP,2020-12-22T00:00:00+00:00,SYN_PROXY,data/processed/frames/2020353N06129_202012220000.png,IR_PROXY,7.85,110.975,25.0,1004.0,,Depression,val
2020353N06129,KROVANH,WP,2020-12-22T03:00:00+00:00,SYN_PROXY,data/processed/frames/2020353N06129_202012220300.png,IR_PROXY,7.702,110.746,25.0,1004.0,,Depression,val
2020353N06129,KROVANH,WP,2020-12-22T06:00:00+00:00,SYN_PROXY,data/processed/frames/2020353N06129_202012220600.png,IR_PROXY,7.7571,110.529,25.0,1004.0,,Depression,val
2020353N06129,KROVANH,WP,2020-12-22T09:00:00+00:00,SYN_PROXY,data/processed/frames/2020353N06129_202012220900.png,IR_PROXY,7.7908,110.255,25.0,1004.0,,Depression,val
2020353N06129,KROVANH,WP,2020-12-22T12:00:00+00:00,SYN_PROXY,data/processed/frames/2020353N06129_202012221200.png,IR_PROXY,7.8667,110.0,25.0,1004.0,,Depression,val
2020353N06129,KROVANH,WP,2020-12-22T15:00:00+00:00,SYN_PROXY,data/processed/frames/2020353N06129_202012221500.png,IR_PROXY,7.9283,109.643,25.0,1004.0,,Depression,val
2020353N06129,KROVANH,WP,2020-12-22T18:00:00+00:00,SYN_PROXY,data/processed/frames/2020353N06129_202012221800.png,IR_PROXY,8.0,109.267,25.0,1004.0,,Depression,val
2020353N06129,KROVANH,WP,2020-12-22T21:00:00+00:00,SYN_PROXY,data/processed/frames/2020353N06129_202012222100.png,IR_PROXY,8.0641,108.927,25.0,1004.0,,Depression,val
2020353N06129,KROVANH,WP,2020-12-23T00:00:00+00:00,SYN_PROXY,data/processed/frames/2020353N06129_202012230000.png,IR_PROXY,8.1333,108.533,25.0,1005.0,,Depression,val
2020353N06129,KROVANH,WP,2020-12-23T03:00:00+00:00,SYN_PROXY,data/processed/frames/2020353N06129_202012230300.png,IR_PROXY,8.2467,108.014,25.0,1005.0,,Depression,val
2020353N06129,KROVANH,WP,2020-12-23T06:00:00+00:00,SYN_PROXY,data/processed/frames/2020353N06129_202012230600.png,IR_PROXY,8.3,107.433,25.0,1005.0,,Depression,val
2020353N06129,KROVANH,WP,2020-12-23T09:00:00+00:00,SYN_PROXY,data/processed/frames/2020353N06129_202012230900.png,IR_PROXY,8.1891,106.866,22.0,1005.0,,Depression,val
2020353N06129,KROVANH,WP,2020-12-23T12:00:00+00:00,SYN_PROXY,data/processed/frames/2020353N06129_202012231200.png,IR_PROXY,8.0333,106.3,20.0,1006.0,,Depression,val
2020353N06129,KROVANH,WP,2020-12-23T15:00:00+00:00,SYN_PROXY,data/processed/frames/2020353N06129_202012231500.png,IR_PROXY,7.9565,105.763,20.0,1006.0,,Depression,val
2020353N06129,KROVANH,WP,2020-12-23T18:00:00+00:00,SYN_PROXY,data/processed/frames/2020353N06129_202012231800.png,IR_PROXY,7.9,105.2,20.0,1007.0,,Depression,val
2020353N06129,KROVANH,WP,2020-12-23T21:00:00+00:00,SYN_PROXY,data/processed/frames/2020353N06129_202012232100.png,IR_PROXY,7.8183,104.555,20.0,1006.0,,Depression,val
2020353N06129,KROVANH,WP,2020-12-24T00:00:00+00:00,SYN_PROXY,data/processed/frames/2020353N06129_202012240000.png,IR_PROXY,7.7667,103.9,20.0,1006.0,,Depression,val
2020353N06129,KROVANH,WP,2020-12-24T03:00:00+00:00,SYN_PROXY,data/processed/frames/2020353N06129_202012240300.png,IR_PROXY,7.7649,103.302,22.0,1005.0,,Depression,val
2020353N06129,KROVANH,WP,2020-12-24T06:00:00+00:00,SYN_PROXY,data/processed/frames/2020353N06129_202012240600.png,IR_PROXY,7.8333,102.733,25.0,1005.0,,Depression,val
2020353N06129,KROVANH,WP,2020-12-24T09:00:00+00:00,SYN_PROXY,data/processed/frames/2020353N06129_202012240900.png,IR_PROXY,7.9725,102.168,27.0,1003.0,,Depression,val
2020353N06129,KROVANH,WP,2020-12-24T12:00:00+00:00,SYN_PROXY,data/processed/frames/2020353N06129_202012241200.png,IR_PROXY,8.1667,101.633,30.0,1002.0,,Deep Depression,val
2020353N06129,KROVANH,WP,2020-12-24T15:00:00+00:00,SYN_PROXY,data/processed/frames/2020353N06129_202012241500.png,IR_PROXY,8.3407,101.147,27.0,1004.0,,Depression,val
2020353N06129,KROVANH,WP,2020-12-24T18:00:00+00:00,SYN_PROXY,data/processed/frames/2020353N06129_202012241800.png,IR_PROXY,8.5636,100.673,25.0,1006.0,,Depression,val
2020353N06129,KROVANH,WP,2020-12-24T21:00:00+00:00,SYN_PROXY,data/processed/frames/2020353N06129_202012242100.png,IR_PROXY,8.942,100.156,22.0,1006.0,,Depression,val
2020353N06129,KROVANH,NI,2020-12-25T00:00:00+00:00,SYN_PROXY,data/processed/frames/2020353N06129_202012250000.png,IR_PROXY,9.425,99.6,20.0,1006.0,,Depression,val
2020353N06129,KROVANH,NI,2020-12-25T03:00:00+00:00,SYN_PROXY,data/processed/frames/2020353N06129_202012250300.png,IR_PROXY,9.7245,98.8646,20.0,1006.0,,Depression,val
2020353N06129,KROVANH,NI,2020-12-25T06:00:00+00:00,SYN_PROXY,data/processed/frames/2020353N06129_202012250600.png,IR_PROXY,10.05,98.1,20.0,1007.0,,Depression,val
2020353N06129,KROVANH,NI,2020-12-25T09:00:00+00:00,SYN_PROXY,data/processed/frames/2020353N06129_202012250900.png,IR_PROXY,10.5971,97.288,17.0,1008.0,,Depression,val
2020353N06129,KROVANH,NI,2020-12-25T12:00:00+00:00,SYN_PROXY,data/processed/frames/2020353N06129_202012251200.png,IR_PROXY,11.3,97.0,15.0,1010.0,,Depression,val
2021092N11096,NOT_NAMED,NI,2021-04-02T00:00:00+00:00,SYN_PROXY,data/processed/frames/2021092N11096_202104020000.png,IR_PROXY,11.0,96.3,25.0,1000.0,,Depression,test
2021092N11096,NOT_NAMED,NI,2021-04-02T03:00:00+00:00,SYN_PROXY,data/processed/frames/2021092N11096_202104020300.png,IR_PROXY,11.0,96.3,25.0,1000.0,,Depression,test
2021092N11096,NOT_NAMED,NI,2021-04-02T06:00:00+00:00,SYN_PROXY,data/processed/frames/2021092N11096_202104020600.png,IR_PROXY,11.2,96.4,25.0,1000.0,,Depression,test
2021092N11096,NOT_NAMED,NI,2021-04-02T09:00:00+00:00,SYN_PROXY,data/processed/frames/2021092N11096_202104020900.png,IR_PROXY,11.4864,96.5795,25.0,,,Depression,test
2021092N11096,NOT_NAMED,NI,2021-04-02T12:00:00+00:00,SYN_PROXY,data/processed/frames/2021092N11096_202104021200.png,IR_PROXY,11.8,96.8,25.0,1000.0,,Depression,test
2021092N11096,NOT_NAMED,NI,2021-04-02T15:00:00+00:00,SYN_PROXY,data/processed/frames/2021092N11096_202104021500.png,IR_PROXY,12.0425,97.0076,25.0,,,Depression,test
2021092N11096,NOT_NAMED,NI,2021-04-02T18:00:00+00:00,SYN_PROXY,data/processed/frames/2021092N11096_202104021800.png,IR_PROXY,12.3,97.2,25.0,1000.0,,Depression,test
2021092N11096,NOT_NAMED,NI,2021-04-02T21:00:00+00:00,SYN_PROXY,data/processed/frames/2021092N11096_202104022100.png,IR_PROXY,12.667,97.367,25.0,,,Depression,test
2021092N11096,NOT_NAMED,NI,2021-04-03T00:00:00+00:00,SYN_PROXY,data/processed/frames/2021092N11096_202104030000.png,IR_PROXY,13.0,97.5,25.0,1002.0,,Depression,test
2021092N11096,NOT_NAMED,NI,2021-04-03T03:00:00+00:00,SYN_PROXY,data/processed/frames/2021092N11096_202104030300.png,IR_PROXY,13.2,97.6,20.0,1004.0,,Depression,test
2021133N10071,TAUKTAE,NI,2021-05-13T06:00:00+00:00,SYN_PROXY,data/processed/frames/2021133N10071_202105130600.png,IR_PROXY,10.0,70.9,20.0,1007.0,,Depression,train
2021133N10071,TAUKTAE,NI,2021-05-13T09:00:00+00:00,SYN_PROXY,data/processed/frames/2021133N10071_202105130900.png,IR_PROXY,10.0925,71.1225,22.0,1005.0,,Depression,train
2021133N10071,TAUKTAE,NI,2021-05-13T12:00:00+00:00,SYN_PROXY,data/processed/frames/2021133N10071_202105131200.png,IR_PROXY,10.2,71.3,25.0,1004.0,,Depression,train
2021133N10071,TAUKTAE,NI,2021-05-13T15:00:00+00:00,SYN_PROXY,data/processed/frames/2021133N10071_202105131500.png,IR_PROXY,10.335,71.4075,25.0,1001.0,,Depression,train
2021133N10071,TAUKTAE,NI,2021-05-13T18:00:00+00:00,SYN_PROXY,data/processed/frames/2021133N10071_202105131800.png,IR_PROXY,10.5,71.5,25.0,999.0,,Depression,train
2021133N10071,TAUKTAE,NI,2021-05-13T21:00:00+00:00,SYN_PROXY,data/processed/frames/2021133N10071_202105132100.png,IR_PROXY,10.6925,71.6425,27.0,998.0,,Depression,train
2021133N10071,TAUKTAE,NI,2021-05-14T00:00:00+00:00,SYN_PROXY,data/processed/frames/2021133N10071_202105140000.png,IR_PROXY,10.9,71.8,30.0,997.0,,Deep Depression,train
2021133N10071,TAUKTAE,NI,2021-05-14T03:00:00+00:00,SYN_PROXY,data/processed/frames/2021133N10071_202105140300.png,IR_PROXY,10.974,72.014,25.0,997.0,,Depression,train
2021133N10071,TAUKTAE,NI,2021-05-14T06:00:00+00:00,SYN_PROXY,data/processed/frames/2021133N10071_202105140600.png,IR_PROXY,11.2,72.2333,25.0,998.0,,Depression,train
2021133N10071,TAUKTAE,NI,2021-05-14T09:00:00+00:00,SYN_PROXY,data/processed/frames/2021133N10071_202105140900.png,IR_PROXY,11.5243,72.3814,30.0,997.0,,Deep Depression,train
2021133N10071,TAUKTAE,NI,2021-05-14T12:00:00+00:00,SYN_PROXY,data/processed/frames/2021133N10071_202105141200.png,IR_PROXY,11.7,72.55,30.0,996.0,,Deep Depression,train
2021133N10071,TAUKTAE,NI,2021-05-14T15:00:00+00:00,SYN_PROXY,data/processed/frames/2021133N10071_202105141500.png,IR_PROXY,11.9806,72.6631,32.0,992.0,,Deep Depression,train
2021133N10071,TAUKTAE,NI,2021-05-14T18:00:00+00:00,SYN_PROXY,data/processed/frames/2021133N10071_202105141800.png,IR_PROXY,12.25,72.75,35.0,989.0,,Cyclonic Storm,train
2021133N10071,TAUKTAE,NI,2021-05-14T21:00:00+00:00,SYN_PROXY,data/processed/frames/2021133N10071_202105142100.png,IR_PROXY,12.4,72.8325,40.0,989.0,,Cyclonic Storm,train
2021133N10071,TAUKTAE,NI,2021-05-15T00:00:00+00:00,SYN_PROXY,data/processed/frames/2021133N10071_202105150000.png,IR_PROXY,12.8,72.85,40.0,989.0,,Cyclonic Storm,train
2021133N10071,TAUKTAE,NI,2021-05-15T03:00:00+00:00,SYN_PROXY,data/processed/frames/2021133N10071_202105150300.png,IR_PROXY,12.9787,72.9187,40.0,995.0,,Cyclonic Storm,train
2021133N10071,TAUKTAE,NI,2021-05-15T06:00:00+00:00,SYN_PROXY,data/processed/frames/2021133N10071_202105150600.png,IR_PROXY,13.3,73.0,45.0,1002.0,,Cyclonic Storm,train
2021133N10071,TAUKTAE,NI,2021-05-15T09:00:00+00:00,SYN_PROXY,data/processed/frames/2021133N10071_202105150900.png,IR_PROXY,13.575,73.015,45.0,988.0,,Cyclonic Storm,train
2021133N10071,TAUKTAE,NI,2021-05-15T12:00:00+00:00,SYN_PROXY,data/processed/frames/2021133N10071_202105151200.png,IR_PROXY,13.85,72.95,55.0,975.0,,Severe Cyclonic Storm,train
2021133N10071,TAUKTAE,NI,2021-05-15T15:00:00+00:00,SYN_PROXY,data/processed/frames/2021133N10071_202105151500.png,IR_PROXY,14.1712,72.9,55.0,975.0,,Severe Cyclonic Storm,train
2021133N10071,TAUKTAE,NI,2021-05-15T18:00:00+00:00,SYN_PROXY,data/processed/frames/2021133N10071_202105151800.png,IR_PROXY,14.45,72.8,60.0,975.0,,Severe Cyclonic Storm,train
2021133N10071,TAUKTAE,NI,2021-05-15T21:00:00+00:00,SYN_PROXY,data/processed/frames/2021133N10071_202105152100.png,IR_PROXY,14.685,72.7888,60.0,970.0,,Severe Cyclonic Storm,train
2021133N10071,TAUKTAE,NI,2021-05-16T00:00:00+00:00,SYN_PROXY,data/processed/frames/2021133N10071_202105160000.png,IR_PROXY,15.0,72.75,65.0,965.0,,Very Severe Cyclonic Storm,train
2021133N10071,TAUKTAE,NI,2021-05-16T03:00:00+00:00,SYN_PROXY,data/processed/frames/2021133N10071_202105160300.png,IR_PROXY,15.3637,72.7823,70.0,963.0,,Very Severe Cyclonic Storm,train
2021133N10071,TAUKTAE,NI,2021-05-16T06:00:00+00:00,SYN_PROXY,data/processed/frames/2021133N10071_202105160600.png,IR_PROXY,15.8,72.8,70.0,962.0,,Very Severe Cyclonic Storm,train
2021133N10071,TAUKTAE,NI,2021-05-16T09:00:00+00:00,SYN_PROXY,data/processed/frames/2021133N10071_202105160900.png,IR_PROXY,16.2713,72.6725,70.0,957.0,,Very Severe Cyclonic Storm,train
2021133N10071,TAUKTAE,NI,2021-05-16T12:00:00+00:00,SYN_PROXY,data/processed/frames/2021133N10071_202105161200.png,IR_PROXY,16.75,72.5,75.0,952.0,,Very Severe Cyclonic Storm,train
2021133N10071,TAUKTAE,NI,2021-05-16T15:00:00+00:00,SYN_PROXY,data/processed/frames/2021133N10071_202105161500.png,IR_PROXY,17.265,72.2676,80.0,947.0,,Very Severe Cyclonic Storm,train
2021133N10071,TAUKTAE,NI,2021-05-16T18:00:00+00:00,SYN_PROXY,data/processed/frames/2021133N10071_202105161800.png,IR_PROXY,17.65,72.0,85.0,942.0,,Very Severe Cyclonic Storm,train
2021133N10071,TAUKTAE,NI,2021-05-16T21:00:00+00:00,SYN_PROXY,data/processed/frames/2021133N10071_202105162100.png,IR_PROXY,18.025,71.7886,90.0,936.0,,Extremely Severe Cyclonic Storm,train
2021133N10071,TAUKTAE,NI,2021-05-17T00:00:00+00:00,SYN_PROXY,data/processed/frames/2021133N10071_202105170000.png,IR_PROXY,18.4,71.65,100.0,931.0,,Extremely Severe Cyclonic Storm,train
2021133N10071,TAUKTAE,NI,2021-05-17T03:00:00+00:00,SYN_PROXY,data/processed/frames/2021133N10071_202105170300.png,IR_PROXY,18.7925,71.6,100.0,932.0,,Extremely Severe Cyclonic Storm,train
2021133N10071,TAUKTAE,NI,2021-05-17T06:00:00+00:00,SYN_PROXY,data/processed/frames/2021133N10071_202105170600.png,IR_PROXY,19.25,71.5,100.0,934.0,,Extremely Severe Cyclonic Storm,train
2021133N10071,TAUKTAE,NI,2021-05-17T09:00:00+00:00,SYN_PROXY,data/processed/frames/2021133N10071_202105170900.png,IR_PROXY,19.6199,71.45,100.0,941.0,,Extremely Severe Cyclonic Storm,train
2021133N10071,TAUKTAE,NI,2021-05-17T12:00:00+00:00,SYN_PROXY,data/processed/frames/2021133N10071_202105171200.png,IR_PROXY,20.05,71.35,95.0,949.0,,Extremely Severe Cyclonic Storm,train
2021133N10071,TAUKTAE,NI,2021-05-17T15:00:00+00:00,SYN_PROXY,data/processed/frames/2021133N10071_202105171500.png,IR_PROXY,20.5,71.25,90.0,936.0,,Extremely Severe Cyclonic Storm,train
2021133N10071,TAUKTAE,NI,2021-05-17T18:00:00+00:00,SYN_PROXY,data/processed/frames/2021133N10071_202105171800.png,IR_PROXY,20.9,71.2,85.0,942.0,,Very Severe Cyclonic Storm,train
2021133N10071,TAUKTAE,NI,2021-05-17T21:00:00+00:00,SYN_PROXY,data/processed/frames/2021133N10071_202105172100.png,IR_PROXY,21.2335,71.2132,75.0,950.0,,Very Severe Cyclonic Storm,train
2021133N10071,TAUKTAE,NI,2021-05-18T00:00:00+00:00,SYN_PROXY,data/processed/frames/2021133N10071_202105180000.png,IR_PROXY,21.45,71.2,65.0,959.0,,Very Severe Cyclonic Storm,train
2021133N10071,TAUKTAE,NI,2021-05-18T03:00:00+00:00,SYN_PROXY,data/processed/frames/2021133N10071_202105180300.png,IR_PROXY,21.6525,71.3349,55.0,965.0,,Severe Cyclonic Storm,train
2021133N10071,TAUKTAE,NI,2021-05-18T06:00:00+00:00,SYN_PROXY,data/processed/frames/2021133N10071_202105180600.png,IR_PROXY,22.05,71.55,45.0,972.0,,Cyclonic Storm,train
2021133N10071,TAUKTAE,NI,2021-05-18T09:00:00+00:00,SYN_PROXY,data/processed/frames/2021133N10071_202105180900.png,IR_PROXY,22.5635,71.7417,40.0,978.0,,Cyclonic Storm,train
2021133N10071,TAUKTAE,NI,2021-05-18T12:00:00+00:00,SYN_PROXY,data/processed/frames/2021133N10071_202105181200.png,IR_PROXY,23.15,72.1,35.0,984.0,,Cyclonic Storm,train
2021133N10071,TAUKTAE,NI,2021-05-18T15:00:00+00:00,SYN_PROXY,data/processed/frames/2021133N10071_202105181500.png,IR_PROXY,23.6615,72.5447,30.0,986.0,,Deep Depression,train
2021133N10071,TAUKTAE,NI,2021-05-18T18:00:00+00:00,SYN_PROXY,data/processed/frames/2021133N10071_202105181800.png,IR_PROXY,24.1429,73.0857,30.0,989.0,,Deep Depression,train
2021133N10071,TAUKTAE,NI,2021-05-18T21:00:00+00:00,SYN_PROXY,data/processed/frames/2021133N10071_202105182100.png,IR_PROXY,24.4181,73.3655,27.0,993.0,,Depression,train
2021133N10071,TAUKTAE,NI,2021-05-19T00:00:00+00:00,SYN_PROXY,data/processed/frames/2021133N10071_202105190000.png,IR_PROXY,24.625,73.55,25.0,998.0,,Depression,train
2021133N10071,TAUKTAE,NI,2021-05-19T03:00:00+00:00,SYN_PROXY,data/processed/frames/2021133N10071_202105190300.png,IR_PROXY,24.9,73.7,20.0,997.0,,Depression,train
2021133N10071,TAUKTAE,NI,2021-05-19T06:00:00+00:00,SYN_PROXY,data/processed/frames/2021133N10071_202105190600.png,IR_PROXY,25.8,74.8,20.0,997.0,,Depression,train
2021143N15090,YAAS,NI,2021-05-23T00:00:00+00:00,SYN_PROXY,data/processed/frames/2021143N15090_202105230000.png,IR_PROXY,15.5,90.0,20.0,1000.0,,Depression,train
2021143N15090,YAAS,NI,2021-05-23T03:00:00+00:00,SYN_PROXY,data/processed/frames/2021143N15090_202105230300.png,IR_PROXY,15.44,89.8525,22.0,999.0,,Depression,train
2021143N15090,YAAS,NI,2021-05-23T06:00:00+00:00,SYN_PROXY,data/processed/frames/2021143N15090_202105230600.png,IR_PROXY,15.575,89.825,25.0,998.0,,Depression,train
2021143N15090,YAAS,NI,2021-05-23T09:00:00+00:00,SYN_PROXY,data/processed/frames/2021143N15090_202105230900.png,IR_PROXY,15.6442,89.71,25.0,996.0,,Depression,train
2021143N15090,YAAS,NI,2021-05-23T12:00:00+00:00,SYN_PROXY,data/processed/frames/2021143N15090_202105231200.png,IR_PROXY,15.7429,89.6143,25.0,995.0,,Depression,train
2021143N15090,YAAS,NI,2021-05-23T15:00:00+00:00,SYN_PROXY,data/processed/frames/2021143N15090_202105231500.png,IR_PROXY,15.8062,89.5051,27.0,994.0,,Depression,train
2021143N15090,YAAS,NI,2021-05-23T18:00:00+00:00,SYN_PROXY,data/processed/frames/2021143N15090_202105231800.png,IR_PROXY,15.85,89.45,30.0,994.0,,Deep Depression,train
2021143N15090,YAAS,NI,2021-05-23T21:00:00+00:00,SYN_PROXY,data/processed/frames/2021143N15090_202105232100.png,IR_PROXY,15.9531,89.5994,32.0,992.0,,Deep Depression,train
2021143N15090,YAAS,NI,2021-05-24T00:00:00+00:00,SYN_PROXY,data/processed/frames/2021143N15090_202105240000.png,IR_PROXY,16.15,89.75,35.0,991.0,,Cyclonic Storm,train
2021143N15090,YAAS,NI,2021-05-24T03:00:00+00:00,SYN_PROXY,data/processed/frames/2021143N15090_202105240300.png,IR_PROXY,16.4575,89.7051,40.0,991.0,,Cyclonic Storm,train
2021143N15090,YAAS,NI,2021-05-24T06:00:00+00:00,SYN_PROXY,data/processed/frames/2021143N15090_202105240600.png,IR_PROXY,16.6,89.65,40.0,991.0,,Cyclonic Storm,train
2021143N15090,YAAS,NI,2021-05-24T09:00:00+00:00,SYN_PROXY,data/processed/frames/2021143N15090_202105240900.png,IR_PROXY,16.915,89.5649,40.0,989.0,,Cyclonic Storm,train
2021143N15090,YAAS,NI,2021-05-24T12:00:00+00:00,SYN_PROXY,data/processed/frames/2021143N15090_202105241200.png,IR_PROXY,17.15,89.4,45.0,988.0,,Cyclonic Storm,train
2021143N15090,YAAS,NI,2021-05-24T15:00:00+00:00,SYN_PROXY,data/processed/frames/2021143N15090_202105241500.png,IR_PROXY,17.3925,89.2288,45.0,985.0,,Cyclonic Storm,train
2021143N15090,YAAS,NI,2021-05-24T18:00:00+00:00,SYN_PROXY,data/processed/frames/2021143N15090_202105241800.png,IR_PROXY,17.6,89.0,50.0,983.0,,Severe Cyclonic Storm,train
2021143N15090,YAAS,NI,2021-05-24T21:00:00+00:00,SYN_PROXY,data/processed/frames/2021143N15090_202105242100.png,IR_PROXY,17.8387,88.8675,55.0,982.0,,Severe Cyclonic Storm,train
2021143N15090,YAAS,NI,2021-05-25T00:00:00+00:00,SYN_PROXY,data/processed/frames/2021143N15090_202105250000.png,IR_PROXY,18.1,88.65,55.0,981.0,,Severe Cyclonic Storm,train
2021143N15090,YAAS,NI,2021-05-25T03:00:00+00:00,SYN_PROXY,data/processed/frames/2021143N15090_202105250300.png,IR_PROXY,18.425,88.4175,55.0,981.0,,Severe Cyclonic Storm,train
2021143N15090,YAAS,NI,2021-05-25T06:00:00+00:00,SYN_PROXY,data/processed/frames/2021143N15090_202105250600.png,IR_PROXY,18.8,88.2,60.0,981.0,,Severe Cyclonic Storm,train
2021143N15090,YAAS,NI,2021-05-25T09:00:00+00:00,SYN_PROXY,data/processed/frames/2021143N15090_202105250900.png,IR_PROXY,19.1425,88.2323,60.0,978.0,,Severe Cyclonic Storm,train
2021143N15090,YAAS,NI,2021-05-25T12:00:00+00:00,SYN_PROXY,data/processed/frames/2021143N15090_202105251200.png,IR_PROXY,19.5,88.15,65.0,975.0,,Very Severe Cyclonic Storm,train
2021143N15090,YAAS,NI,2021-05-25T15:00:00+00:00,SYN_PROXY,data/processed/frames/2021143N15090_202105251500.png,IR_PROXY,19.8976,87.9715,65.0,974.0,,Very Severe Cyclonic Storm,train
2021143N15090,YAAS,NI,2021-05-25T18:00:00+00:00,SYN_PROXY,data/processed/frames/2021143N15090_202105251800.png,IR_PROXY,20.25,87.8,70.0,974.0,,Very Severe Cyclonic Storm,train
2021143N15090,YAAS,NI,2021-05-25T21:00:00+00:00,SYN_PROXY,data/processed/frames/2021143N15090_202105252100.png,IR_PROXY,20.3886,87.7146,75.0,975.0,,Very Severe Cyclonic Storm,train
2021143N15090,YAAS,NI,2021-05-26T00:00:00+00:00,SYN_PROXY,data/processed/frames/2021143N15090_202105260000.png,IR_PROXY,20.6,87.55,75.0,977.0,,Very Severe Cyclonic Storm,train
2021143N15090,YAAS,NI,2021-05-26T03:00:00+00:00,SYN_PROXY,data/processed/frames/2021143N15090_202105260300.png,IR_PROXY,21.0852,87.2482,75.0,978.0,,Very Severe Cyclonic Storm,train
2021143N15090,YAAS,NI,2021-05-26T06:00:00+00:00,SYN_PROXY,data/processed/frames/2021143N15090_202105260600.png,IR_PROXY,21.5,86.9,75.0,979.0,,Very Severe Cyclonic Storm,train
2021143N15090,YAAS,NI,2021-05-26T09:00:00+00:00,SYN_PROXY,data/processed/frames/2021143N15090_202105260900.png,IR_PROXY,21.7261,86.6421,55.0,982.0,,Severe Cyclonic Storm,train
2021143N15090,YAAS,NI,2021-05-26T12:00:00+00:00,SYN_PROXY,data/processed/frames/2021143N15090_202105261200.png,IR_PROXY,21.9,86.45,45.0,985.0,,Cyclonic Storm,train
2021143N15090,YAAS,NI,2021-05-26T15:00:00+00:00,SYN_PROXY,data/processed/frames/2021143N15090_202105261500.png,IR_PROXY,22.2063,86.0526,40.0,987.0,,Cyclonic Storm,train
2021143N15090,YAAS,NI,2021-05-26T18:00:00+00:00,SYN_PROXY,data/processed/frames/2021143N15090_202105261800.png,IR_PROXY,22.5,85.8,30.0,990.0,,Deep Depression,train
2021143N15090,YAAS,NI,2021-05-26T21:00:00+00:00,SYN_PROXY,data/processed/frames/2021143N15090_202105262100.png,IR_PROXY,22.8037,85.7178,30.0,991.0,,Deep Depression,train
2021143N15090,YAAS,NI,2021-05-27T00:00:00+00:00,SYN_PROXY,data/processed/frames/2021143N15090_202105270000.png,IR_PROXY,23.0571,85.7143,30.0,993.0,,Deep Depression,train
2021143N15090,YAAS,NI,2021-05-27T03:00:00+00:00,SYN_PROXY,data/processed/frames/2021143N15090_202105270300.png,IR_PROXY,23.2867,85.6592,30.0,995.0,,Deep Depression,train
2021143N15090,YAAS,NI,2021-05-27T06:00:00+00:00,SYN_PROXY,data/processed/frames/2021143N15090_202105270600.png,IR_PROXY,23.56,85.58,25.0,997.0,,Depression,train
2021143N15090,YAAS,NI,2021-05-27T09:00:00+00:00,SYN_PROXY,data/processed/frames/2021143N15090_202105270900.png,IR_PROXY,23.9272,85.4739,25.0,,,Depression,train
2021143N15090,YAAS,NI,2021-05-27T12:00:00+00:00,SYN_PROXY,data/processed/frames/2021143N15090_202105271200.png,IR_PROXY,24.3,85.3,25.0,992.0,,Depression,train
2021143N15090,YAAS,NI,2021-05-27T15:00:00+00:00,SYN_PROXY,data/processed/frames/2021143N15090_202105271500.png,IR_PROXY,24.541,85.0671,25.0,,,Depression,train
2021143N15090,YAAS,NI,2021-05-27T18:00:00+00:00,SYN_PROXY,data/processed/frames/2021143N15090_202105271800.png,IR_PROXY,24.7,84.8,25.0,992.0,,Depression,train
2021256N20087,NOT_NAMED,NI,2021-09-12T12:00:00+00:00,SYN_PROXY,data/processed/frames/2021256N20087_202109121200.png,IR_PROXY,20.3,87.4,25.0,992.0,,Depression,train
2021256N20087,NOT_NAMED,NI,2021-09-12T15:00:00+00:00,SYN_PROXY,data/processed/frames/2021256N20087_202109121500.png,IR_PROXY,20.3535,87.199,25.0,,,Depression,train
2021256N20087,NOT_NAMED,NI,2021-09-12T18:00:00+00:00,SYN_PROXY,data/processed/frames/2021256N20087_202109121800.png,IR_PROXY,20.4,87.1,25.0,992.0,,Depression,train
2021256N20087,NOT_NAMED,NI,2021-09-12T21:00:00+00:00,SYN_PROXY,data/processed/frames/2021256N20087_202109122100.png,IR_PROXY,20.4521,87.1281,27.0,,,Depression,train
2021256N20087,NOT_NAMED,NI,2021-09-13T00:00:00+00:00,SYN_PROXY,data/processed/frames/2021256N20087_202109130000.png,IR_PROXY,20.6,87.0,30.0,990.0,,Deep Depression,train
2021256N20087,NOT_NAMED,NI,2021-09-13T03:00:00+00:00,SYN_PROXY,data/processed/frames/2021256N20087_202109130300.png,IR_PROXY,20.9,86.5,30.0,990.0,,Deep Depression,train
2021256N20087,NOT_NAMED,NI,2021-09-13T06:00:00+00:00,SYN_PROXY,data/processed/frames/2021256N20087_202109130600.png,IR_PROXY,21.1,86.2,30.0,990.0,,Deep Depression,train
2021256N20087,NOT_NAMED,NI,2021-09-13T09:00:00+00:00,SYN_PROXY,data/processed/frames/2021256N20087_202109130900.png,IR_PROXY,21.267,85.8602,30.0,,,Deep Depression,train
2021256N20087,NOT_NAMED,NI,2021-09-13T12:00:00+00:00,SYN_PROXY,data/processed/frames/2021256N20087_202109131200.png,IR_PROXY,21.4,85.5,30.0,990.0,,Deep Depression,train
2021256N20087,NOT_NAMED,NI,2021-09-13T15:00:00+00:00,SYN_PROXY,data/processed/frames/2021256N20087_202109131500.png,IR_PROXY,21.4921,85.1871,30.0,,,Deep Depression,train
2021256N20087,NOT_NAMED,NI,2021-09-13T18:00:00+00:00,SYN_PROXY,data/processed/frames/2021256N20087_202109131800.png,IR_PROXY,21.6,84.8,30.0,990.0,,Deep Depression,train
2021256N20087,NOT_NAMED,NI,2021-09-13T21:00:00+00:00,SYN_PROXY,data/processed/frames/2021256N20087_202109132100.png,IR_PROXY,21.8074,84.1527,30.0,,,Deep Depression,train
2021256N20087,NOT_NAMED,NI,2021-09-14T00:00:00+00:00,SYN_PROXY,data/processed/frames/2021256N20087_202109140000.png,IR_PROXY,22.0,83.6,30.0,990.0,,Deep Depression,train
2021256N20087,NOT_NAMED,NI,2021-09-14T03:00:00+00:00,SYN_PROXY,data/processed/frames/2021256N20087_202109140300.png,IR_PROXY,22.1,83.4,25.0,990.0,,Depression,train
2021256N20087,NOT_NAMED,NI,2021-09-14T06:00:00+00:00,SYN_PROXY,data/processed/frames/2021256N20087_202109140600.png,IR_PROXY,22.4,83.0,25.0,990.0,,Depression,train
2021256N20087,NOT_NAMED,NI,2021-09-14T09:00:00+00:00,SYN_PROXY,data/processed/frames/2021256N20087_202109140900.png,IR_PROXY,22.5805,82.7191,25.0,,,Depression,train
2021256N20087,NOT_NAMED,NI,2021-09-14T12:00:00+00:00,SYN_PROXY,data/processed/frames/2021256N20087_202109141200.png,IR_PROXY,22.7,82.5,25.0,996.0,,Depression,train
2021256N20087,NOT_NAMED,NI,2021-09-14T15:00:00+00:00,SYN_PROXY,data/processed/frames/2021256N20087_202109141500.png,IR_PROXY,22.8399,82.2605,25.0,,,Depression,train
2021256N20087,NOT_NAMED,NI,2021-09-14T18:00:00+00:00,SYN_PROXY,data/processed/frames/2021256N20087_202109141800.png,IR_PROXY,23.0,82.0,25.0,996.0,,Depression,train
2021264N13119,DIANMU,WP,2021-09-21T00:00:00+00:00,SYN_PROXY,data/processed/frames/2021264N13119_202109210000.png,IR_PROXY,12.9,119.0,15.0,1008.0,,Depression,train
2021264N13119,DIANMU,WP,2021-09-21T03:00:00+00:00,SYN_PROXY,data/processed/frames/2021264N13119_202109210300.png,IR_PROXY,12.3976,118.71,15.0,1008.0,,Depression,train
2021264N13119,DIANMU,WP,2021-09-21T06:00:00+00:00,SYN_PROXY,data/processed/frames/2021264N13119_202109210600.png,IR_PROXY,12.0,118.4,15.0,1008.0,,Depression,train
2021264N13119,DIANMU,WP,2021-09-21T09:00:00+00:00,SYN_PROXY,data/processed/frames/2021264N13119_202109210900.png,IR_PROXY,11.7824,118.045,15.0,1007.0,,Depression,train
2021264N13119,DIANMU,WP,2021-09-21T12:00:00+00:00,SYN_PROXY,data/processed/frames/2021264N13119_202109211200.png,IR_PROXY,11.7,117.6,15.0,1007.0,,Depression,train
2021264N13119,DIANMU,WP,2021-09-21T15:00:00+00:00,SYN_PROXY,data/processed/frames/2021264N13119_202109211500.png,IR_PROXY,11.6626,117.015,15.0,1007.0,,Depression,train
2021264N13119,DIANMU,WP,2021-09-21T18:00:00+00:00,SYN_PROXY,data/processed/frames/2021264N13119_202109211800.png,IR_PROXY,11.7,116.4,15.0,1008.0,,Depression,train
2021264N13119,DIANMU,WP,2021-09-21T21:00:00+00:00,SYN_PROXY,data/processed/frames/2021264N13119_202109212100.png,IR_PROXY,11.7698,115.885,15.0,1008.0,,Depression,train
2021264N13119,DIANMU,WP,2021-09-22T00:00:00+00:00,SYN_PROXY,data/processed/frames/2021264N13119_202109220000.png,IR_PROXY,11.9,115.32,15.0,1008.0,,Depression,train
2021264N13119,DIANMU,WP,2021-09-22T03:00:00+00:00,SYN_PROXY,data/processed/frames/2021264N13119_202109220300.png,IR_PROXY,12.191,114.697,17.0,1007.0,,Depression,train
2021264N13119,DIANMU,WP,2021-09-22T06:00:00+00:00,SYN_PROXY,data/processed/frames/2021264N13119_202109220600.png,IR_PROXY,12.5125,114.113,20.0,1007.0,,Depression,train
2021264N13119,DIANMU,WP,2021-09-22T09:00:00+00:00,SYN_PROXY,data/processed/frames/2021264N13119_202109220900.png,IR_PROXY,12.6319,113.748,20.0,1007.0,,Depression,train
2021264N13119,DIANMU,WP,2021-09-22T12:00:00+00:00,SYN_PROXY,data/processed/frames/2021264N13119_202109221200.png,IR_PROXY,12.725,113.458,20.0,1008.0,,Depression,train
2021264N13119,DIANMU,WP,2021-09-22T15:00:00+00:00,SYN_PROXY,data/processed/frames/2021264N13119_202109221500.png,IR_PROXY,12.9284,113.136,22.0,1006.0,,Depression,train
2021264N13119,DIANMU,WP,2021-09-22T18:00:00+00:00,SYN_PROXY,data/processed/frames/2021264N13119_202109221800.png,IR_PROXY,13.2,112.733,25.0,1004.0,,Depression,train
2021264N13119,DIANMU,WP,2021-09-22T21:00:00+00:00,SYN_PROXY,data/processed/frames/2021264N13119_202109222100.png,IR_PROXY,13.5332,112.223,27.0,1003.0,,Depression,train
2021264N13119,DIANMU,WP,2021-09-23T00:00:00+00:00,SYN_PROXY,data/processed/frames/2021264N13119_202109230000.png,IR_PROXY,13.9,111.675,30.0,1003.0,,Deep Depression,train
2021264N13119,DIANMU,WP,2021-09-23T03:00:00+00:00,SYN_PROXY,data/processed/frames/2021264N13119_202109230300.png,IR_PROXY,14.3542,111.093,30.0,1002.0,,Deep Depression,train
2021264N13119,DIANMU,WP,2021-09-23T06:00:00+00:00,SYN_PROXY,data/processed/frames/2021264N13119_202109230600.png,IR_PROXY,14.75,110.55,30.0,1002.0,,Deep Depression,train
2021264N13119,DIANMU,WP,2021-09-23T09:00:00+00:00,SYN_PROXY,data/processed/frames/2021264N13119_202109230900.png,IR_PROXY,15.0905,109.947,32.0,1001.0,,Deep Depression,train
2021264N13119,DIANMU,WP,2021-09-23T12:00:00+00:00,SYN_PROXY,data/processed/frames/2021264N13119_202109231200.png,IR_PROXY,15.3,109.35,35.0,1001.0,,Cyclonic Storm,train
2021264N13119,DIANMU,WP,2021-09-23T15:00:00+00:00,SYN_PROXY,data/processed/frames/2021264N13119_202109231500.png,IR_PROXY,15.4378,108.722,32.0,1003.0,,Deep Depression,train
2021264N13119,DIANMU,WP,2021-09-23T18:00:00+00:00,SYN_PROXY,data/processed/frames/2021264N13119_202109231800.png,IR_PROXY,15.575,108.1,30.0,1006.0,,Deep Depression,train
2021264N13119,DIANMU,WP,2021-09-23T21:00:00+00:00,SYN_PROXY,data/processed/frames/2021264N13119_202109232100.png,IR_PROXY,15.6966,107.248,27.0,1006.0,,Depression,train
2021264N13119,DIANMU,WP,2021-09-24T00:00:00+00:00,SYN_PROXY,data/processed/frames/2021264N13119_202109240000.png,IR_PROXY,15.82,106.46,25.0,1007.0,,Depression,train
2021264N13119,DIANMU,WP,2021-09-24T03:00:00+00:00,SYN_PROXY,data/processed/frames/2021264N13119_202109240300.png,IR_PROXY,15.9659,105.858,22.0,1007.0,,Depression,train
2021264N13119,DIANMU,WP,2021-09-24T06:00:00+00:00,SYN_PROXY,data/processed/frames/2021264N13119_202109240600.png,IR_PROXY,16.1167,105.375,20.0,1007.0,,Depression,train
2021264N13119,DIANMU,WP,2021-09-24T09:00:00+00:00,SYN_PROXY,data/processed/frames/2021264N13119_202109240900.png,IR_PROXY,16.2457,105.026,17.0,1008.0,,Depression,train
2021264N13119,DIANMU,WP,2021-09-24T12:00:00+00:00,SYN_PROXY,data/processed/frames/2021264N13119_202109241200.png,IR_PROXY,16.2667,104.678,15.0,1009.0,,Depression,train
2021267N18094,GULAB:SHAHEEN-GU,NI,2021-09-23T18:00:00+00:00,SYN_PROXY,data/processed/frames/2021267N18094_202109231800.png,IR_PROXY,18.4,94.1,25.0,1002.0,,Depression,train
2021267N18094,GULAB:SHAHEEN-GU,NI,2021-09-23T21:00:00+00:00,SYN_PROXY,data/processed/frames/2021267N18094_202109232100.png,IR_PROXY,18.1952,93.7071,27.0,1001.0,,Depression,train
2021267N18094,GULAB:SHAHEEN-GU,NI,2021-09-24T00:00:00+00:00,SYN_PROXY,data/processed/frames/2021267N18094_202109240000.png,IR_PROXY,18.1,93.3,30.0,1000.0,,Deep Depression,train
2021267N18094,GULAB:SHAHEEN-GU,NI,2021-09-24T03:00:00+00:00,SYN_PROXY,data/processed/frames/2021267N18094_202109240300.png,IR_PROXY,18.1774,92.8653,30.0,1003.0,,Deep Depression,train
2021267N18094,GULAB:SHAHEEN-GU,NI,2021-09-24T06:00:00+00:00,SYN_PROXY,data/processed/frames/2021267N18094_202109240600.png,IR_PROXY,18.3,92.4,30.0,1007.0,,Deep Depression,train
2021267N18094,GULAB:SHAHEEN-GU,NI,2021-09-24T09:00:00+00:00,SYN_PROXY,data/processed/frames/2021267N18094_202109240900.png,IR_PROXY,18.315,91.8999,30.0,1006.0,,Deep Depression,train
2021267N18094,GULAB:SHAHEEN-GU,NI,2021-09-24T12:00:00+00:00,SYN_PROXY,data/processed/frames/2021267N18094_202109241200.png,IR_PROXY,18.3,91.36,25.0,1005.0,,Depression,train
2021267N18094,GULAB:SHAHEEN-GU,NI,2021-09-24T15:00:00+00:00,SYN_PROXY,data/processed/frames/2021267N18094_202109241500.png,IR_PROXY,18.3251,90.8805,25.0,1004.0,,Depression,train
2021267N18094,GULAB:SHAHEEN-GU,NI,2021-09-24T18:00:00+00:00,SYN_PROXY,data/processed/frames/2021267N18094_202109241800.png,IR_PROXY,18.3429,90.4572,25.0,1004.0,,Depression,train
2021267N18094,GULAB:SHAHEEN-GU,NI,2021-09-24T21:00:00+00:00,SYN_PROXY,data/processed/frames/2021267N18094_202109242100.png,IR_PROXY,18.3283,90.0942,27.0,1003.0,,Depression,train
2021267N18094,GULAB:SHAHEEN-GU,NI,2021-09-25T00:00:00+00:00,SYN_PROXY,data/processed/frames/2021267N18094_202109250000.png,IR_PROXY,18.3,89.75,30.0,1002.0,,Deep Depression,train
2021267N18094,GULAB:SHAHEEN-GU,NI,2021-09-25T03:00:00+00:00,SYN_PROXY,data/processed/frames/2021267N18094_202109250300.png,IR_PROXY,18.2963,89.3638,30.0,1001.0,,Deep Depression,train
2021267N18094,GULAB:SHAHEEN-GU,NI,2021-09-25T06:00:00+00:00,SYN_PROXY,data/processed/frames/2021267N18094_202109250600.png,IR_PROXY,18.3,88.9,30.0,1001.0,,Deep Depression,train
2021267N18094,GULAB:SHAHEEN-GU,NI,2021-09-25T09:00:00+00:00,SYN_PROXY,data/processed/frames/2021267N18094_202109250900.png,IR_PROXY,18.2748,88.6475,32.0,998.0,,Deep Depression,train
2021267N18094,GULAB:SHAHEEN-GU,NI,2021-09-25T12:00:00+00:00,SYN_PROXY,data/processed/frames/2021267N18094_202109251200.png,IR_PROXY,18.25,88.5,35.0,996.0,,Cyclonic Storm,train
2021267N18094,GULAB:SHAHEEN-GU,NI,2021-09-25T15:00:00+00:00,SYN_PROXY,data/processed/frames/2021267N18094_202109251500.png,IR_PROXY,18.2461,88.355,35.0,996.0,,Cyclonic Storm,train
2021267N18094,GULAB:SHAHEEN-GU,NI,2021-09-25T18:00:00+00:00,SYN_PROXY,data/processed/frames/2021267N18094_202109251800.png,IR_PROXY,18.25,88.15,35.0,996.0,,Cyclonic Storm,train
2021267N18094,GULAB:SHAHEEN-GU,NI,2021-09-25T21:00:00+00:00,SYN_PROXY,data/processed/frames/2021267N18094_202109252100.png,IR_PROXY,18.2677,87.73,35.0,997.0,,Cyclonic Storm,train
2021267N18094,GULAB:SHAHEEN-GU,NI,2021-09-26T00:00:00+00:00,SYN_PROXY,data/processed/frames/2021267N18094_202109260000.png,IR_PROXY,18.3,87.25,40.0,998.0,,Cyclonic Storm,train
2021267N18094,GULAB:SHAHEEN-GU,NI,2021-09-26T03:00:00+00:00,SYN_PROXY,data/processed/frames/2021267N18094_202109260300.png,IR_PROXY,18.4072,86.5401,40.0,998.0,,Cyclonic Storm,train
2021267N18094,GULAB:SHAHEEN-GU,NI,2021-09-26T06:00:00+00:00,SYN_PROXY,data/processed/frames/2021267N18094_202109260600.png,IR_PROXY,18.45,86.0,45.0,999.0,,Cyclonic Storm,train
2021267N18094,GULAB:SHAHEEN-GU,NI,2021-09-26T09:00:00+00:00,SYN_PROXY,data/processed/frames/2021267N18094_202109260900.png,IR_PROXY,18.4365,85.2999,45.0,995.0,,Cyclonic Storm,train
2021267N18094,GULAB:SHAHEEN-GU,NI,2021-09-26T12:00:00+00:00,SYN_PROXY,data/processed/frames/2021267N18094_202109261200.png,IR_PROXY,18.4,84.55,45.0,991.0,,Cyclonic Storm,train
2021267N18094,GULAB:SHAHEEN-GU,NI,2021-09-26T15:00:00+00:00,SYN_PROXY,data/processed/frames/2021267N18094_202109261500.png,IR_PROXY,18.336,83.8526,45.0,994.0,,Cyclonic Storm,train
2021267N18094,GULAB:SHAHEEN-GU,NI,2021-09-26T18:00:00+00:00,SYN_PROXY,data/processed/frames/2021267N18094_202109261800.png,IR_PROXY,18.35,83.4,35.0,998.0,,Cyclonic Storm,train
2021267N18094,GULAB:SHAHEEN-GU,NI,2021-09-26T21:00:00+00:00,SYN_PROXY,data/processed/frames/2021267N18094_202109262100.png,IR_PROXY,18.2274,82.9497,30.0,997.0,,Deep Depression,train
2021267N18094,GULAB:SHAHEEN-GU,NI,2021-09-27T00:00:00+00:00,SYN_PROXY,data/processed/frames/2021267N18094_202109270000.png,IR_PROXY,18.15,82.6,30.0,997.0,,Deep Depression,train
2021267N18094,GULAB:SHAHEEN-GU,NI,2021-09-27T03:00:00+00:00,SYN_PROXY,data/processed/frames/2021267N18094_202109270300.png,IR_PROXY,18.2373,82.1938,30.0,998.0,,Deep Depression,train
2021267N18094,GULAB:SHAHEEN-GU,NI,2021-09-27T06:00:00+00:00,SYN_PROXY,data/processed/frames/2021267N18094_202109270600.png,IR_PROXY,18.45,81.65,30.0,1000.0,,Deep Depression,train
2021267N18094,GULAB:SHAHEEN-GU,NI,2021-09-27T09:00:00+00:00,SYN_PROXY,data/processed/frames/2021267N18094_202109270900.png,IR_PROXY,18.6348,80.7941,27.0,1000.0,,Depression,train
2021267N18094,GULAB:SHAHEEN-GU,NI,2021-09-27T12:00:00+00:00,SYN_PROXY,data/processed/frames/2021267N18094_202109271200.png,IR_PROXY,18.8,79.95,25.0,1000.0,,Depression,train
2021267N18094,GULAB:SHAHEEN-GU,NI,2021-09-27T15:00:00+00:00,SYN_PROXY,data/processed/frames/2021267N18094_202109271500.png,IR_PROXY,18.9279,79.5185,25.0,1000.0,,Depression,train
2021267N18094,GULAB:SHAHEEN-GU,NI,2021-09-27T18:00:00+00:00,SYN_PROXY,data/processed/frames/2021267N18094_202109271800.png,IR_PROXY,19.05,79.2,25.0,1000.0,,Depression,train
2021267N18094,GULAB:SHAHEEN-GU,NI,2021-09-27T21:00:00+00:00,SYN_PROXY,data/processed/frames/2021267N18094_202109272100.png,IR_PROXY,19.222,78.7548,25.0,1000.0,,Depression,train
2021267N18094,GULAB:SHAHEEN-GU,NI,2021-09-28T00:00:00+00:00,SYN_PROXY,data/processed/frames/2021267N18094_202109280000.png,IR_PROXY,19.4667,78.2667,25.0,1000.0,,Depression,train
2021267N18094,GULAB:SHAHEEN-GU,NI,2021-09-28T03:00:00+00:00,SYN_PROXY,data/processed/frames/2021267N18094_202109280300.png,IR_PROXY,19.7939,77.7979,20.0,1001.0,,Depression,train
2021267N18094,GULAB:SHAHEEN-GU,NI,2021-09-28T06:00:00+00:00,SYN_PROXY,data/processed/frames/2021267N18094_202109280600.png,IR_PROXY,20.1,77.5,15.0,1003.0,,Depression,train
2021267N18094,GULAB:SHAHEEN-GU,NI,2021-09-28T09:00:00+00:00,SYN_PROXY,data/processed/frames/2021267N18094_202109280900.png,IR_PROXY,20.2998,77.0299,15.0,1002.0,,Depression,train
2021267N18094,GULAB:SHAHEEN-GU,NI,2021-09-28T12:00:00+00:00,SYN_PROXY,data/processed/frames/2021267N18094_202109281200.png,IR_PROXY,20.5,76.5,15.0,1002.0,,Depression,train
2021267N18094,GULAB:SHAHEEN-GU,NI,2021-09-28T15:00:00+00:00,SYN_PROXY,data/processed/frames/2021267N18094_202109281500.png,IR_PROXY,20.6849,75.9147,15.0,1003.0,,Depression,train
2021267N18094,GULAB:SHAHEEN-GU,NI,2021-09-28T18:00:00+00:00,SYN_PROXY,data/processed/frames/2021267N18094_202109281800.png,IR_PROXY,20.9,75.3,15.0,1004.0,,Depression,train
2021267N18094,GULAB:SHAHEEN-GU,NI,2021-09-28T21:00:00+00:00,SYN_PROXY,data/processed/frames/2021267N18094_202109282100.png,IR_PROXY,21.177,74.7222,17.0,1003.0,,Depression,train
2021267N18094,GULAB:SHAHEEN-GU,NI,2021-09-29T00:00:00+00:00,SYN_PROXY,data/processed/frames/2021267N18094_202109290000.png,IR_PROXY,21.5,74.1,20.0,1002.0,,Depression,train
2021267N18094,GULAB:SHAHEEN-GU,NI,2021-09-29T03:00:00+00:00,SYN_PROXY,data/processed/frames/2021267N18094_202109290300.png,IR_PROXY,21.8653,73.3429,22.0,1001.0,,Depression,train
2021267N18094,GULAB:SHAHEEN-GU,NI,2021-09-29T06:00:00+00:00,SYN_PROXY,data/processed/frames/2021267N18094_202109290600.png,IR_PROXY,22.2,72.6,25.0,1001.0,,Depression,train
2021267N18094,GULAB:SHAHEEN-GU,NI,2021-09-29T09:00:00+00:00,SYN_PROXY,data/processed/frames/2021267N18094_202109290900.png,IR_PROXY,22.4442,72.0421,25.0,1001.0,,Depression,train
2021267N18094,GULAB:SHAHEEN-GU,NI,2021-09-29T12:00:00+00:00,SYN_PROXY,data/processed/frames/2021267N18094_202109291200.png,IR_PROXY,22.6,71.5,25.0,1001.0,,Depression,train
2021267N18094,GULAB:SHAHEEN-GU,NI,2021-09-29T15:00:00+00:00,SYN_PROXY,data/processed/frames/2021267N18094_202109291500.png,IR_PROXY,22.6879,70.7849,25.0,1001.0,,Depression,train
2021267N18094,GULAB:SHAHEEN-GU,NI,2021-09-29T18:00:00+00:00,SYN_PROXY,data/processed/frames/2021267N18094_202109291800.png,IR_PROXY,22.7,70.1,25.0,1002.0,,Depression,train
2021267N18094,GULAB:SHAHEEN-GU,NI,2021-09-29T21:00:00+00:00,SYN_PROXY,data/processed/frames/2021267N18094_202109292100.png,IR_PROXY,22.6645,69.6124,27.0,1000.0,,Depression,train
2021267N18094,GULAB:SHAHEEN-GU,NI,2021-09-30T00:00:00+00:00,SYN_PROXY,data/processed/frames/2021267N18094_202109300000.png,IR_PROXY,22.62,69.26,30.0,998.0,,Deep Depression,train
2021267N18094,GULAB:SHAHEEN-GU,NI,2021-09-30T03:00:00+00:00,SYN_PROXY,data/processed/frames/2021267N18094_202109300300.png,IR_PROXY,22.5847,68.7198,30.0,998.0,,Deep Depression,train
2021267N18094,GULAB:SHAHEEN-GU,NI,2021-09-30T06:00:00+00:00,SYN_PROXY,data/processed/frames/2021267N18094_202109300600.png,IR_PROXY,22.6286,68.2571,30.0,999.0,,Deep Depression,train
2021267N18094,GULAB:SHAHEEN-GU,NI,2021-09-30T09:00:00+00:00,SYN_PROXY,data/processed/frames/2021267N18094_202109300900.png,IR_PROXY,22.7728,67.7222,30.0,999.0,,Deep Depression,train
2021267N18094,GULAB:SHAHEEN-GU,NI,2021-09-30T12:00:00+00:00,SYN_PROXY,data/processed/frames/2021267N18094_202109301200.png,IR_PROXY,22.9,67.2,30.0,999.0,,Deep Depression,train
2021267N18094,GULAB:SHAHEEN-GU,NI,2021-09-30T15:00:00+00:00,SYN_PROXY,data/processed/frames/2021267N18094_202109301500.png,IR_PROXY,22.9359,66.7961,32.0,998.0,,Deep Depression,train
2021267N18094,GULAB:SHAHEEN-GU,NI,2021-09-30T18:00:00+00:00,SYN_PROXY,data/processed/frames/2021267N18094_202109301800.png,IR_PROXY,22.95,66.4,35.0,997.0,,Cyclonic Storm,train
2021267N18094,GULAB:SHAHEEN-GU,NI,2021-09-30T21:00:00+00:00,SYN_PROXY,data/processed/frames/2021267N18094_202109302100.png,IR_PROXY,22.9943,65.9075,37.0,995.0,,Cyclonic Storm,train
2021267N18094,GULAB:SHAHEEN-GU,NI,2021-10-01T00:00:00+00:00,SYN_PROXY,data/processed/frames/2021267N18094_202110010000.png,IR_PROXY,23.05,65.4,40.0,994.0,,Cyclonic Storm,train
2021267N18094,GULAB:SHAHEEN-GU,NI,2021-10-01T03:00:00+00:00,SYN_PROXY,data/processed/frames/2021267N18094_202110010300.png,IR_PROXY,23.1175,64.9213,45.0,990.0,,Cyclonic Storm,train
2021267N18094,GULAB:SHAHEEN-GU,NI,2021-10-01T06:00:00+00:00,SYN_PROXY,data/processed/frames/2021267N18094_202110010600.png,IR_PROXY,23.2,64.55,50.0,987.0,,Severe Cyclonic Storm,train
2021267N18094,GULAB:SHAHEEN-GU,NI,2021-10-01T09:00:00+00:00,SYN_PROXY,data/processed/frames/2021267N18094_202110010900.png,IR_PROXY,23.3287,64.2037,52.0,985.0,,Severe Cyclonic Storm,train
2021267N18094,GULAB:SHAHEEN-GU,NI,2021-10-01T12:00:00+00:00,SYN_PROXY,data/processed/frames/2021267N18094_202110011200.png,IR_PROXY,23.45,63.85,55.0,984.0,,Severe Cyclonic Storm,train
2021267N18094,GULAB:SHAHEEN-GU,NI,2021-10-01T15:00:00+00:00,SYN_PROXY,data/processed/frames/2021267N18094_202110011500.png,IR_PROXY,23.6038,63.5037,55.0,983.0,,Severe Cyclonic Storm,train
2021267N18094,GULAB:SHAHEEN-GU,NI,2021-10-01T18:00:00+00:00,SYN_PROXY,data/processed/frames/2021267N18094_202110011800.png,IR_PROXY,23.65,63.2,55.0,983.0,,Severe Cyclonic Storm,train
2021267N18094,GULAB:SHAHEEN-GU,NI,2021-10-01T21:00:00+00:00,SYN_PROXY,data/processed/frames/2021267N18094_202110012100.png,IR_PROXY,23.7999,62.8287,57.0,982.0,,Severe Cyclonic Storm,train
2021267N18094,GULAB:SHAHEEN-GU,NI,2021-10-02T00:00:00+00:00,SYN_PROXY,data/processed/frames/2021267N18094_202110020000.png,IR_PROXY,23.85,62.45,60.0,982.0,,Severe Cyclonic Storm,train
2021267N18094,GULAB:SHAHEEN-GU,NI,2021-10-02T03:00:00+00:00,SYN_PROXY,data/processed/frames/2021267N18094_202110020300.png,IR_PROXY,23.9538,62.0713,62.0,980.0,,Severe Cyclonic Storm,train
2021267N18094,GULAB:SHAHEEN-GU,NI,2021-10-02T06:00:00+00:00,SYN_PROXY,data/processed/frames/2021267N18094_202110020600.png,IR_PROXY,24.1,61.7,65.0,978.0,,Very Severe Cyclonic Storm,train
2021267N18094,GULAB:SHAHEEN-GU,NI,2021-10-02T09:00:00+00:00,SYN_PROXY,data/processed/frames/2021267N18094_202110020900.png,IR_PROXY,24.2286,61.2999,65.0,978.0,,Very Severe Cyclonic Storm,train
2021267N18094,GULAB:SHAHEEN-GU,NI,2021-10-02T12:00:00+00:00,SYN_PROXY,data/processed/frames/2021267N18094_202110021200.png,IR_PROXY,24.35,60.85,65.0,978.0,,Very Severe Cyclonic Storm,train
2021267N18094,GULAB:SHAHEEN-GU,NI,2021-10-02T15:00:00+00:00,SYN_PROXY,data/processed/frames/2021267N18094_202110021500.png,IR_PROXY,24.3863,60.4789,67.0,977.0,,Very Severe Cyclonic Storm,train
2021267N18094,GULAB:SHAHEEN-GU,NI,2021-10-02T18:00:00+00:00,SYN_PROXY,data/processed/frames/2021267N18094_202110021800.png,IR_PROXY,24.35,60.05,70.0,976.0,,Very Severe Cyclonic Storm,train
2021267N18094,GULAB:SHAHEEN-GU,NI,2021-10-02T21:00:00+00:00,SYN_PROXY,data/processed/frames/2021267N18094_202110022100.png,IR_PROXY,24.3037,59.7099,67.0,977.0,,Very Severe Cyclonic Storm,train
2021267N18094,GULAB:SHAHEEN-GU,NI,2021-10-03T00:00:00+00:00,SYN_PROXY,data/processed/frames/2021267N18094_202110030000.png,IR_PROXY,24.2,59.45,65.0,979.0,,Very Severe Cyclonic Storm,train
2021267N18094,GULAB:SHAHEEN-GU,NI,2021-10-03T03:00:00+00:00,SYN_PROXY,data/processed/frames/2021267N18094_202110030300.png,IR_PROXY,24.1461,59.0788,67.0,978.0,,Very Severe Cyclonic Storm,train
2021267N18094,GULAB:SHAHEEN-GU,NI,2021-10-03T06:00:00+00:00,SYN_PROXY,data/processed/frames/2021267N18094_202110030600.png,IR_PROXY,24.1,58.75,70.0,977.0,,Very Severe Cyclonic Storm,train
2021267N18094,GULAB:SHAHEEN-GU,NI,2021-10-03T09:00:00+00:00,SYN_PROXY,data/processed/frames/2021267N18094_202110030900.png,IR_PROXY,24.0789,58.3925,65.0,980.0,,Very Severe Cyclonic Storm,train
2021267N18094,GULAB:SHAHEEN-GU,NI,2021-10-03T12:00:00+00:00,SYN_PROXY,data/processed/frames/2021267N18094_202110031200.png,IR_PROXY,24.0,58.05,60.0,984.0,,Severe Cyclonic Storm,train
2021267N18094,GULAB:SHAHEEN-GU,NI,2021-10-03T15:00:00+00:00,SYN_PROXY,data/processed/frames/2021267N18094_202110031500.png,IR_PROXY,23.9786,57.8251,57.0,985.0,,Severe Cyclonic Storm,train
2021267N18094,GULAB:SHAHEEN-GU,NI,2021-10-03T18:00:00+00:00,SYN_PROXY,data/processed/frames/2021267N18094_202110031800.png,IR_PROXY,23.9,57.55,55.0,987.0,,Severe Cyclonic Storm,train
2021267N18094,GULAB:SHAHEEN-GU,NI,2021-10-03T21:00:00+00:00,SYN_PROXY,data/processed/frames/2021267N18094_202110032100.png,IR_PROXY,23.8038,57.3187,45.0,991.0,,Cyclonic Storm,train
2021267N18094,GULAB:SHAHEEN-GU,NI,2021-10-04T00:00:00+00:00,SYN_PROXY,data/processed/frames/2021267N18094_202110040000.png,IR_PROXY,23.7,56.9,35.0,996.0,,Cyclonic Storm,train
2021267N18094,GULAB:SHAHEEN-GU,NI,2021-10-04T03:00:00+00:00,SYN_PROXY,data/processed/frames/2021267N18094_202110040300.png,IR_PROXY,23.5488,56.4937,30.0,998.0,,Deep Depression,train
2021267N18094,GULAB:SHAHEEN-GU,NI,2021-10-04T06:00:00+00:00,SYN_PROXY,data/processed/frames/2021267N18094_202110040600.png,IR_PROXY,23.4,56.1,25.0,1001.0,,Depression,train
2021280N14068,NOT_NAMED,NI,2021-10-07T03:00:00+00:00,SYN_PROXY,data/processed/frames/2021280N14068_202110070300.png,IR_PROXY,14.0,67.5,25.0,1002.0,,Depression,train
2021280N14068,NOT_NAMED,NI,2021-10-07T06:00:00+00:00,SYN_PROXY,data/processed/frames/2021280N14068_202110070600.png,IR_PROXY,14.2,67.2,25.0,1002.0,,Depression,train
2021280N14068,NOT_NAMED,NI,2021-10-07T09:00:00+00:00,SYN_PROXY,data/processed/frames/2021280N14068_202110070900.png,IR_PROXY,14.2738,67.059,25.0,,,Depression,train
2021280N14068,NOT_NAMED,NI,2021-10-07T12:00:00+00:00,SYN_PROXY,data/processed/frames/2021280N14068_202110071200.png,IR_PROXY,14.3,67.0,25.0,1002.0,,Depression,train
2021280N14068,NOT_NAMED,NI,2021-10-07T15:00:00+00:00,SYN_PROXY,data/processed/frames/2021280N14068_202110071500.png,IR_PROXY,14.4,66.9,25.0,,,Depression,train
2021280N14068,NOT_NAMED,NI,2021-10-07T18:00:00+00:00,SYN_PROXY,data/processed/frames/2021280N14068_202110071800.png,IR_PROXY,14.5,66.8,25.0,1002.0,,Depression,train
2021280N14068,NOT_NAMED,NI,2021-10-07T21:00:00+00:00,SYN_PROXY,data/processed/frames/2021280N14068_202110072100.png,IR_PROXY,14.5466,66.7204,25.0,,,Depression,train
2021280N14068,NOT_NAMED,NI,2021-10-08T00:00:00+00:00,SYN_PROXY,data/processed/frames/2021280N14068_202110080000.png,IR_PROXY,14.6,66.6,25.0,1002.0,,Depression,train
2021280N14068,NOT_NAMED,NI,2021-10-08T03:00:00+00:00,SYN_PROXY,data/processed/frames/2021280N14068_202110080300.png,IR_PROXY,14.7,66.4,25.0,1002.0,,Depression,train
2021280N14068,NOT_NAMED,NI,2021-10-08T06:00:00+00:00,SYN_PROXY,data/processed/frames/2021280N14068_202110080600.png,IR_PROXY,14.7,66.2,25.0,1002.0,,Depression,train
2021280N14068,NOT_NAMED,NI,2021-10-08T09:00:00+00:00,SYN_PROXY,data/processed/frames/2021280N14068_202110080900.png,IR_PROXY,14.6602,66.0261,25.0,,,Depression,train
2021280N14068,NOT_NAMED,NI,2021-10-08T12:00:00+00:00,SYN_PROXY,data/processed/frames/2021280N14068_202110081200.png,IR_PROXY,14.6,65.9,25.0,1003.0,,Depression,train
2021280N14068,NOT_NAMED,NI,2021-10-08T15:00:00+00:00,SYN_PROXY,data/processed/frames/2021280N14068_202110081500.png,IR_PROXY,14.5466,65.833,25.0,,,Depression,train
2021280N14068,NOT_NAMED,NI,2021-10-08T18:00:00+00:00,SYN_PROXY,data/processed/frames/2021280N14068_202110081800.png,IR_PROXY,14.5,65.8,25.0,1003.0,,Depression,train
2021312N07090,NOT_NAMED,NI,2021-11-08T06:00:00+00:00,SYN_PROXY,data/processed/frames/2021312N07090_202111080600.png,IR_PROXY,7.4,90.1,15.0,1010.0,,Depression,train
2021312N07090,NOT_NAMED,NI,2021-11-08T09:00:00+00:00,SYN_PROXY,data/processed/frames/2021312N07090_202111080900.png,IR_PROXY,7.7425,89.7627,15.0,1010.0,,Depression,train
2021312N07090,NOT_NAMED,NI,2021-11-08T12:00:00+00:00,SYN_PROXY,data/processed/frames/2021312N07090_202111081200.png,IR_PROXY,8.0,89.4,15.0,1010.0,,Depression,train
2021312N07090,NOT_NAMED,NI,2021-11-08T15:00:00+00:00,SYN_PROXY,data/processed/frames/2021312N07090_202111081500.png,IR_PROXY,8.1225,88.9999,15.0,1010.0,,Depression,train
2021312N07090,NOT_NAMED,NI,2021-11-08T18:00:00+00:00,SYN_PROXY,data/processed/frames/2021312N07090_202111081800.png,IR_PROXY,8.2,88.6,15.0,1010.0,,Depression,train
2021312N07090,NOT_NAMED,NI,2021-11-08T21:00:00+00:00,SYN_PROXY,data/processed/frames/2021312N07090_202111082100.png,IR_PROXY,8.35,88.1976,15.0,1007.0,,Depression,train
2021312N07090,NOT_NAMED,NI,2021-11-09T00:00:00+00:00,SYN_PROXY,data/processed/frames/2021312N07090_202111090000.png,IR_PROXY,8.5,87.9,15.0,1004.0,,Depression,train
2021312N07090,NOT_NAMED,NI,2021-11-09T03:00:00+00:00,SYN_PROXY,data/processed/frames/2021312N07090_202111090300.png,IR_PROXY,8.5999,87.8199,15.0,1004.0,,Depression,train
2021312N07090,NOT_NAMED,NI,2021-11-09T06:00:00+00:00,SYN_PROXY,data/processed/frames/2021312N07090_202111090600.png,IR_PROXY,8.7,87.8,15.0,1004.0,,Depression,train
2021312N07090,NOT_NAMED,NI,2021-11-09T09:00:00+00:00,SYN_PROXY,data/processed/frames/2021312N07090_202111090900.png,IR_PROXY,8.82,87.6874,17.0,1005.0,,Depression,train
2021312N07090,NOT_NAMED,NI,2021-11-09T12:00:00+00:00,SYN_PROXY,data/processed/frames/2021312N07090_202111091200.png,IR_PROXY,9.0,87.5,20.0,1007.0,,Depression,train
2021312N07090,NOT_NAMED,NI,2021-11-09T15:00:00+00:00,SYN_PROXY,data/processed/frames/2021312N07090_202111091500.png,IR_PROXY,9.2999,87.2525,20.0,1006.0,,Depression,train
2021312N07090,NOT_NAMED,NI,2021-11-09T18:00:00+00:00,SYN_PROXY,data/processed/frames/2021312N07090_202111091800.png,IR_PROXY,9.6,86.9,20.0,1006.0,,Depression,train
2021312N07090,NOT_NAMED,NI,2021-11-09T21:00:00+00:00,SYN_PROXY,data/processed/frames/2021312N07090_202111092100.png,IR_PROXY,9.7647,86.4823,20.0,1006.0,,Depression,train
2021312N07090,NOT_NAMED,NI,2021-11-10T00:00:00+00:00,SYN_PROXY,data/processed/frames/2021312N07090_202111100000.png,IR_PROXY,9.9,85.9,20.0,1006.0,,Depression,train
2021312N07090,NOT_NAMED,NI,2021-11-10T03:00:00+00:00,SYN_PROXY,data/processed/frames/2021312N07090_202111100300.png,IR_PROXY,10.0779,85.065,20.0,1006.0,,Depression,train
2021312N07090,NOT_NAMED,NI,2021-11-10T06:00:00+00:00,SYN_PROXY,data/processed/frames/2021312N07090_202111100600.png,IR_PROXY,10.3,84.2,20.0,1007.0,,Depression,train
2021312N07090,NOT_NAMED,NI,2021-11-10T09:00:00+00:00,SYN_PROXY,data/processed/frames/2021312N07090_202111100900.png,IR_PROXY,10.5247,83.5471,22.0,1005.0,,Depression,train
2021312N07090,NOT_NAMED,NI,2021-11-10T12:00:00+00:00,SYN_PROXY,data/processed/frames/2021312N07090_202111101200.png,IR_PROXY,10.84,83.08,25.0,1004.0,,Depression,train
2021312N07090,NOT_NAMED,NI,2021-11-10T15:00:00+00:00,SYN_PROXY,data/processed/frames/2021312N07090_202111101500.png,IR_PROXY,11.3973,82.5692,25.0,1003.0,,Depression,train
2021312N07090,NOT_NAMED,NI,2021-11-10T18:00:00+00:00,SYN_PROXY,data/processed/frames/2021312N07090_202111101800.png,IR_PROXY,11.8714,82.1286,25.0,1002.0,,Depression,train
2021312N07090,NOT_NAMED,NI,2021-11-10T21:00:00+00:00,SYN_PROXY,data/processed/frames/2021312N07090_202111102100.png,IR_PROXY,12.0962,81.8255,25.0,1001.0,,Depression,train
2021312N07090,NOT_NAMED,NI,2021-11-11T00:00:00+00:00,SYN_PROXY,data/processed/frames/2021312N07090_202111110000.png,IR_PROXY,12.3,81.55,25.0,1001.0,,Depression,train
2021312N07090,NOT_NAMED,NI,2021-11-11T03:00:00+00:00,SYN_PROXY,data/processed/frames/2021312N07090_202111110300.png,IR_PROXY,12.5325,81.1938,25.0,1001.0,,Depression,train
2021312N07090,NOT_NAMED,NI,2021-11-11T06:00:00+00:00,SYN_PROXY,data/processed/frames/2021312N07090_202111110600.png,IR_PROXY,12.75,80.75,25.0,1001.0,,Depression,train
2021312N07090,NOT_NAMED,NI,2021-11-11T09:00:00+00:00,SYN_PROXY,data/processed/frames/2021312N07090_202111110900.png,IR_PROXY,12.8906,80.4484,25.0,997.0,,Depression,train
2021312N07090,NOT_NAMED,NI,2021-11-11T12:00:00+00:00,SYN_PROXY,data/processed/frames/2021312N07090_202111111200.png,IR_PROXY,12.95,80.05,25.0,994.0,,Depression,train
2021312N07090,NOT_NAMED,NI,2021-11-11T15:00:00+00:00,SYN_PROXY,data/processed/frames/2021312N07090_202111111500.png,IR_PROXY,12.9439,79.3648,22.0,999.0,,Depression,train
2021312N07090,NOT_NAMED,NI,2021-11-11T18:00:00+00:00,SYN_PROXY,data/processed/frames/2021312N07090_202111111800.png,IR_PROXY,12.9,78.5,20.0,1004.0,,Depression,train
2021322N11082,NOT_NAMED,NI,2021-11-18T03:00:00+00:00,SYN_PROXY,data/processed/frames/2021322N11082_202111180300.png,IR_PROXY,11.0,82.3,25.0,1000.0,,Depression,test
2021322N11082,NOT_NAMED,NI,2021-11-18T06:00:00+00:00,SYN_PROXY,data/processed/frames/2021322N11082_202111180600.png,IR_PROXY,11.2,81.7,25.0,1000.0,,Depression,test
2021322N11082,NOT_NAMED,NI,2021-11-18T09:00:00+00:00,SYN_PROXY,data/processed/frames/2021322N11082_202111180900.png,IR_PROXY,11.4931,81.2319,25.0,,,Depression,test
2021322N11082,NOT_NAMED,NI,2021-11-18T12:00:00+00:00,SYN_PROXY,data/processed/frames/2021322N11082_202111181200.png,IR_PROXY,11.8,80.9,25.0,1000.0,,Depression,test
2021322N11082,NOT_NAMED,NI,2021-11-18T15:00:00+00:00,SYN_PROXY,data/processed/frames/2021322N11082_202111181500.png,IR_PROXY,12.0224,80.6774,25.0,,,Depression,test
2021322N11082,NOT_NAMED,NI,2021-11-18T18:00:00+00:00,SYN_PROXY,data/processed/frames/2021322N11082_202111181800.png,IR_PROXY,12.2,80.5,25.0,1000.0,,Depression,test
2021322N11082,NOT_NAMED,NI,2021-11-18T21:00:00+00:00,SYN_PROXY,data/processed/frames/2021322N11082_202111182100.png,IR_PROXY,12.3466,80.267,25.0,,,Depression,test
2021322N11082,NOT_NAMED,NI,2021-11-19T00:00:00+00:00,SYN_PROXY,data/processed/frames/2021322N11082_202111190000.png,IR_PROXY,12.5,80.0,25.0,1000.0,,Depression,test
2021322N11082,NOT_NAMED,NI,2021-11-19T03:00:00+00:00,SYN_PROXY,data/processed/frames/2021322N11082_202111190300.png,IR_PROXY,12.7,79.7,20.0,1002.0,,Depression,test
2021335N08096,JAWAD,NI,2021-11-30T18:00:00+00:00,SYN_PROXY,data/processed/frames/2021335N08096_202111301800.png,IR_PROXY,8.4,96.3,20.0,1006.0,,Depression,train
2021335N08096,JAWAD,NI,2021-11-30T21:00:00+00:00,SYN_PROXY,data/processed/frames/2021335N08096_202111302100.png,IR_PROXY,8.0197,96.1248,20.0,1007.0,,Depression,train
2021335N08096,JAWAD,NI,2021-12-01T00:00:00+00:00,SYN_PROXY,data/processed/frames/2021335N08096_202112010000.png,IR_PROXY,7.8,95.7,20.0,1008.0,,Depression,train
2021335N08096,JAWAD,NI,2021-12-01T03:00:00+00:00,SYN_PROXY,data/processed/frames/2021335N08096_202112010300.png,IR_PROXY,7.8405,94.8877,20.0,1007.0,,Depression,train
2021335N08096,JAWAD,NI,2021-12-01T06:00:00+00:00,SYN_PROXY,data/processed/frames/2021335N08096_202112010600.png,IR_PROXY,8.0,94.0,20.0,1006.0,,Depression,train
2021335N08096,JAWAD,NI,2021-12-01T09:00:00+00:00,SYN_PROXY,data/processed/frames/2021335N08096_202112010900.png,IR_PROXY,8.0622,93.4048,20.0,1007.0,,Depression,train
2021335N08096,JAWAD,NI,2021-12-01T12:00:00+00:00,SYN_PROXY,data/processed/frames/2021335N08096_202112011200.png,IR_PROXY,8.2,92.9,20.0,1008.0,,Depression,train
2021335N08096,JAWAD,NI,2021-12-01T15:00:00+00:00,SYN_PROXY,data/processed/frames/2021335N08096_202112011500.png,IR_PROXY,8.5125,92.3426,22.0,1007.0,,Depression,train
2021335N08096,JAWAD,NI,2021-12-01T18:00:00+00:00,SYN_PROXY,data/processed/frames/2021335N08096_202112011800.png,IR_PROXY,8.9,91.8,25.0,1007.0,,Depression,train
2021335N08096,JAWAD,NI,2021-12-01T21:00:00+00:00,SYN_PROXY,data/processed/frames/2021335N08096_202112012100.png,IR_PROXY,9.2347,91.3297,25.0,1006.0,,Depression,train
2021335N08096,JAWAD,NI,2021-12-02T00:00:00+00:00,SYN_PROXY,data/processed/frames/2021335N08096_202112020000.png,IR_PROXY,9.6,90.8,25.0,1005.0,,Depression,train
2021335N08096,JAWAD,NI,2021-12-02T03:00:00+00:00,SYN_PROXY,data/processed/frames/2021335N08096_202112020300.png,IR_PROXY,10.0277,90.0576,25.0,1005.0,,Depression,train
2021335N08096,JAWAD,NI,2021-12-02T06:00:00+00:00,SYN_PROXY,data/processed/frames/2021335N08096_202112020600.png,IR_PROXY,10.5,89.3,25.0,1005.0,,Depression,train
2021335N08096,JAWAD,NI,2021-12-02T09:00:00+00:00,SYN_PROXY,data/processed/frames/2021335N08096_202112020900.png,IR_PROXY,10.9998,88.7123,25.0,1007.0,,Depression,train
2021335N08096,JAWAD,NI,2021-12-02T12:00:00+00:00,SYN_PROXY,data/processed/frames/2021335N08096_202112021200.png,IR_PROXY,11.4,88.36,25.0,1009.0,,Depression,train
2021335N08096,JAWAD,NI,2021-12-02T15:00:00+00:00,SYN_PROXY,data/processed/frames/2021335N08096_202112021500.png,IR_PROXY,11.7641,87.8778,25.0,1008.0,,Depression,train
2021335N08096,JAWAD,NI,2021-12-02T18:00:00+00:00,SYN_PROXY,data/processed/frames/2021335N08096_202112021800.png,IR_PROXY,12.2286,87.3286,25.0,1007.0,,Depression,train
2021335N08096,JAWAD,NI,2021-12-02T21:00:00+00:00,SYN_PROXY,data/processed/frames/2021335N08096_202112022100.png,IR_PROXY,12.9154,86.724,27.0,1005.0,,Depression,train
2021335N08096,JAWAD,NI,2021-12-03T00:00:00+00:00,SYN_PROXY,data/processed/frames/2021335N08096_202112030000.png,IR_PROXY,13.6,86.2,30.0,1003.0,,Deep Depression,train
2021335N08096,JAWAD,NI,2021-12-03T03:00:00+00:00,SYN_PROXY,data/processed/frames/2021335N08096_202112030300.png,IR_PROXY,14.0411,85.8697,30.0,1004.0,,Deep Depression,train
2021335N08096,JAWAD,NI,2021-12-03T06:00:00+00:00,SYN_PROXY,data/processed/frames/2021335N08096_202112030600.png,IR_PROXY,14.35,85.6,35.0,1005.0,,Cyclonic Storm,train
2021335N08096,JAWAD,NI,2021-12-03T09:00:00+00:00,SYN_PROXY,data/processed/frames/2021335N08096_202112030900.png,IR_PROXY,14.6713,85.3425,35.0,1004.0,,Cyclonic Storm,train
2021335N08096,JAWAD,NI,2021-12-03T12:00:00+00:00,SYN_PROXY,data/processed/frames/2021335N08096_202112031200.png,IR_PROXY,15.0,85.1,40.0,1003.0,,Cyclonic Storm,train
2021335N08096,JAWAD,NI,2021-12-03T15:00:00+00:00,SYN_PROXY,data/processed/frames/2021335N08096_202112031500.png,IR_PROXY,15.21,85.0425,40.0,1003.0,,Cyclonic Storm,train
2021335N08096,JAWAD,NI,2021-12-03T18:00:00+00:00,SYN_PROXY,data/processed/frames/2021335N08096_202112031800.png,IR_PROXY,15.45,84.9,40.0,1003.0,,Cyclonic Storm,train
2021335N08096,JAWAD,NI,2021-12-03T21:00:00+00:00,SYN_PROXY,data/processed/frames/2021335N08096_202112032100.png,IR_PROXY,15.6713,84.8851,40.0,1003.0,,Cyclonic Storm,train
2021335N08096,JAWAD,NI,2021-12-04T00:00:00+00:00,SYN_PROXY,data/processed/frames/2021335N08096_202112040000.png,IR_PROXY,15.95,84.75,40.0,1003.0,,Cyclonic Storm,train
2021335N08096,JAWAD,NI,2021-12-04T03:00:00+00:00,SYN_PROXY,data/processed/frames/2021335N08096_202112040300.png,IR_PROXY,16.1575,84.7812,40.0,1003.0,,Cyclonic Storm,train
2021335N08096,JAWAD,NI,2021-12-04T06:00:00+00:00,SYN_PROXY,data/processed/frames/2021335N08096_202112040600.png,IR_PROXY,16.35,84.85,35.0,1003.0,,Cyclonic Storm,train
2021335N08096,JAWAD,NI,2021-12-04T09:00:00+00:00,SYN_PROXY,data/processed/frames/2021335N08096_202112040900.png,IR_PROXY,16.5363,84.925,35.0,1002.0,,Cyclonic Storm,train
2021335N08096,JAWAD,NI,2021-12-04T12:00:00+00:00,SYN_PROXY,data/processed/frames/2021335N08096_202112041200.png,IR_PROXY,16.85,85.05,30.0,1002.0,,Deep Depression,train
2021335N08096,JAWAD,NI,2021-12-04T15:00:00+00:00,SYN_PROXY,data/processed/frames/2021335N08096_202112041500.png,IR_PROXY,17.0958,85.1399,30.0,1001.0,,Deep Depression,train
2021335N08096,JAWAD,NI,2021-12-04T18:00:00+00:00,SYN_PROXY,data/processed/frames/2021335N08096_202112041800.png,IR_PROXY,17.3,85.25,30.0,1000.0,,Deep Depression,train
2021335N08096,JAWAD,NI,2021-12-04T21:00:00+00:00,SYN_PROXY,data/processed/frames/2021335N08096_202112042100.png,IR_PROXY,17.4267,85.4376,30.0,1002.0,,Deep Depression,train
2021335N08096,JAWAD,NI,2021-12-05T00:00:00+00:00,SYN_PROXY,data/processed/frames/2021335N08096_202112050000.png,IR_PROXY,17.7,85.65,30.0,1004.0,,Deep Depression,train
2021335N08096,JAWAD,NI,2021-12-05T03:00:00+00:00,SYN_PROXY,data/processed/frames/2021335N08096_202112050300.png,IR_PROXY,18.2888,85.8499,30.0,1005.0,,Deep Depression,train
2021335N08096,JAWAD,NI,2021-12-05T06:00:00+00:00,SYN_PROXY,data/processed/frames/2021335N08096_202112050600.png,IR_PROXY,18.7,86.05,30.0,1007.0,,Deep Depression,train
2021335N08096,JAWAD,NI,2021-12-05T09:00:00+00:00,SYN_PROXY,data/processed/frames/2021335N08096_202112050900.png,IR_PROXY,19.0412,86.2641,25.0,1008.0,,Depression,train
2021335N08096,JAWAD,NI,2021-12-05T12:00:00+00:00,SYN_PROXY,data/processed/frames/2021335N08096_202112051200.png,IR_PROXY,19.4714,86.6714,25.0,1009.0,,Depression,train
2021335N08096,JAWAD,NI,2021-12-05T15:00:00+00:00,SYN_PROXY,data/processed/frames/2021335N08096_202112051500.png,IR_PROXY,20.0464,86.9752,25.0,1009.0,,Depression,train
2021335N08096,JAWAD,NI,2021-12-05T18:00:00+00:00,SYN_PROXY,data/processed/frames/2021335N08096_202112051800.png,IR_PROXY,20.68,87.22,25.0,1009.0,,Depression,train
2021335N08096,JAWAD,NI,2021-12-05T21:00:00+00:00,SYN_PROXY,data/processed/frames/2021335N08096_202112052100.png,IR_PROXY,21.1672,87.4433,17.0,1009.0,,Depression,train
2021335N08096,JAWAD,NI,2021-12-06T00:00:00+00:00,SYN_PROXY,data/processed/frames/2021335N08096_202112060000.png,IR_PROXY,21.5,87.7,15.0,1010.0,,Depression,train
2021335N08096,JAWAD,NI,2021-12-06T03:00:00+00:00,SYN_PROXY,data/processed/frames/2021335N08096_202112060300.png,IR_PROXY,21.8779,88.0641,12.0,1009.0,,Depression,train
2021335N08096,JAWAD,NI,2021-12-06T06:00:00+00:00,SYN_PROXY,data/processed/frames/2021335N08096_202112060600.png,IR_PROXY,22.3,88.5,10.0,1009.0,,Depression,train
2022064N11084,NOT_NAMED,NI,2022-03-04T18:00:00+00:00,SYN_PROXY,data/processed/frames/2022064N11084_202203041800.png,IR_PROXY,11.1,83.6,35.0,1006.0,,Cyclonic Storm,test
2022064N11084,NOT_NAMED,NI,2022-03-04T21:00:00+00:00,SYN_PROXY,data/processed/frames/2022064N11084_202203042100.png,IR_PROXY,11.5377,84.057,35.0,1001.0,,Cyclonic Storm,test
2022064N11084,NOT_NAMED,NI,2022-03-05T00:00:00+00:00,SYN_PROXY,data/processed/frames/2022064N11084_202203050000.png,IR_PROXY,11.8,84.3,35.0,996.0,,Cyclonic Storm,test
2022064N11084,NOT_NAMED,NI,2022-03-05T03:00:00+00:00,SYN_PROXY,data/processed/frames/2022064N11084_202203050300.png,IR_PROXY,11.775,84.1901,35.0,1000.0,,Cyclonic Storm,test
2022064N11084,NOT_NAMED,NI,2022-03-05T06:00:00+00:00,SYN_PROXY,data/processed/frames/2022064N11084_202203050600.png,IR_PROXY,11.6,83.9,35.0,1004.0,,Cyclonic Storm,test
2022064N11084,NOT_NAMED,NI,2022-03-05T09:00:00+00:00,SYN_PROXY,data/processed/frames/2022064N11084_202203050900.png,IR_PROXY,11.4426,83.6274,35.0,1003.0,,Cyclonic Storm,test
2022064N11084,NOT_NAMED,NI,2022-03-05T12:00:00+00:00,SYN_PROXY,data/processed/frames/2022064N11084_202203051200.png,IR_PROXY,11.3,83.4,35.0,1002.0,,Cyclonic Storm,test
2022064N11084,NOT_NAMED,NI,2022-03-05T15:00:00+00:00,SYN_PROXY,data/processed/frames/2022064N11084_202203051500.png,IR_PROXY,11.2424,83.3576,32.0,1002.0,,Deep Depression,test
2022064N11084,NOT_NAMED,NI,2022-03-05T18:00:00+00:00,SYN_PROXY,data/processed/frames/2022064N11084_202203051800.png,IR_PROXY,11.2,83.3,29.0,1002.0,,Deep Depression,test
2022064N11084,NOT_NAMED,NI,2022-03-05T21:00:00+00:00,SYN_PROXY,data/processed/frames/2022064N11084_202203052100.png,IR_PROXY,11.0999,83.0675,29.0,1002.0,,Deep Depression,test
2022064N11084,NOT_NAMED,NI,2022-03-06T00:00:00+00:00,SYN_PROXY,data/processed/frames/2022064N11084_202203060000.png,IR_PROXY,11.0,82.7,29.0,1002.0,,Deep Depression,test
2022064N11084,NOT_NAMED,NI,2022-03-06T03:00:00+00:00,SYN_PROXY,data/processed/frames/2022064N11084_202203060300.png,IR_PROXY,10.9351,82.2075,27.0,1003.0,,Depression,test
2022064N11084,NOT_NAMED,NI,2022-03-06T06:00:00+00:00,SYN_PROXY,data/processed/frames/2022064N11084_202203060600.png,IR_PROXY,10.9,81.7,25.0,1004.0,,Depression,test
2022064N11084,NOT_NAMED,NI,2022-03-06T09:00:00+00:00,SYN_PROXY,data/processed/frames/2022064N11084_202203060900.png,IR_PROXY,10.8924,81.31,25.0,1005.0,,Depression,test
2022064N11084,NOT_NAMED,NI,2022-03-06T12:00:00+00:00,SYN_PROXY,data/processed/frames/2022064N11084_202203061200.png,IR_PROXY,10.9,81.0,25.0,1006.0,,Depression,test
2022127N10091,ASANI,NI,2022-05-07T06:00:00+00:00,SYN_PROXY,data/processed/frames/2022127N10091_202205070600.png,IR_PROXY,9.6,91.3,39.0,999.0,,Cyclonic Storm,train
2022127N10091,ASANI,NI,2022-05-07T09:00:00+00:00,SYN_PROXY,data/processed/frames/2022127N10091_202205070900.png,IR_PROXY,9.8502,90.8727,42.0,997.0,,Cyclonic Storm,train
2022127N10091,ASANI,NI,2022-05-07T12:00:00+00:00,SYN_PROXY,data/processed/frames/2022127N10091_202205071200.png,IR_PROXY,10.1,90.5,45.0,995.0,,Cyclonic Storm,train
2022127N10091,ASANI,NI,2022-05-07T15:00:00+00:00,SYN_PROXY,data/processed/frames/2022127N10091_202205071500.png,IR_PROXY,10.3499,90.2074,48.0,993.0,,Severe Cyclonic Storm,train
2022127N10091,ASANI,NI,2022-05-07T18:00:00+00:00,SYN_PROXY,data/processed/frames/2022127N10091_202205071800.png,IR_PROXY,10.6,89.9,51.0,992.0,,Severe Cyclonic Storm,train
2022127N10091,ASANI,NI,2022-05-07T21:00:00+00:00,SYN_PROXY,data/processed/frames/2022127N10091_202205072100.png,IR_PROXY,10.8427,89.4351,55.0,989.0,,Severe Cyclonic Storm,train
2022127N10091,ASANI,NI,2022-05-08T00:00:00+00:00,SYN_PROXY,data/processed/frames/2022127N10091_202205080000.png,IR_PROXY,11.1,89.0,60.0,986.0,,Severe Cyclonic Storm,train
2022127N10091,ASANI,NI,2022-05-08T03:00:00+00:00,SYN_PROXY,data/processed/frames/2022127N10091_202205080300.png,IR_PROXY,11.3698,88.7922,62.0,983.0,,Severe Cyclonic Storm,train
2022127N10091,ASANI,NI,2022-05-08T06:00:00+00:00,SYN_PROXY,data/processed/frames/2022127N10091_202205080600.png,IR_PROXY,11.7,88.6,64.0,981.0,,Very Severe Cyclonic Storm,train
2022127N10091,ASANI,NI,2022-05-08T09:00:00+00:00,SYN_PROXY,data/processed/frames/2022127N10091_202205080900.png,IR_PROXY,12.15,88.2451,64.0,981.0,,Very Severe Cyclonic Storm,train
2022127N10091,ASANI,NI,2022-05-08T12:00:00+00:00,SYN_PROXY,data/processed/frames/2022127N10091_202205081200.png,IR_PROXY,12.6,87.8,64.0,982.0,,Very Severe Cyclonic Storm,train
2022127N10091,ASANI,NI,2022-05-08T15:00:00+00:00,SYN_PROXY,data/processed/frames/2022127N10091_202205081500.png,IR_PROXY,12.9076,87.2923,64.0,982.0,,Very Severe Cyclonic Storm,train
2022127N10091,ASANI,NI,2022-05-08T18:00:00+00:00,SYN_PROXY,data/processed/frames/2022127N10091_202205081800.png,IR_PROXY,13.2,86.8,64.0,982.0,,Very Severe Cyclonic Storm,train
2022127N10091,ASANI,NI,2022-05-08T21:00:00+00:00,SYN_PROXY,data/processed/frames/2022127N10091_202205082100.png,IR_PROXY,13.6149,86.42,59.0,985.0,,Severe Cyclonic Storm,train
2022127N10091,ASANI,NI,2022-05-09T00:00:00+00:00,SYN_PROXY,data/processed/frames/2022127N10091_202205090000.png,IR_PROXY,14.0,86.1,54.0,988.0,,Severe Cyclonic Storm,train
2022127N10091,ASANI,NI,2022-05-09T03:00:00+00:00,SYN_PROXY,data/processed/frames/2022127N10091_202205090300.png,IR_PROXY,14.2749,85.8075,57.0,986.0,,Severe Cyclonic Storm,train
2022127N10091,ASANI,NI,2022-05-09T06:00:00+00:00,SYN_PROXY,data/processed/frames/2022127N10091_202205090600.png,IR_PROXY,14.4,85.5,60.0,984.0,,Severe Cyclonic Storm,train
2022127N10091,ASANI,NI,2022-05-09T09:00:00+00:00,SYN_PROXY,data/processed/frames/2022127N10091_202205090900.png,IR_PROXY,14.2926,85.0921,57.0,985.0,,Severe Cyclonic Storm,train
2022127N10091,ASANI,NI,2022-05-09T12:00:00+00:00,SYN_PROXY,data/processed/frames/2022127N10091_202205091200.png,IR_PROXY,14.2,84.7,54.0,986.0,,Severe Cyclonic Storm,train
2022127N10091,ASANI,NI,2022-05-09T15:00:00+00:00,SYN_PROXY,data/processed/frames/2022127N10091_202205091500.png,IR_PROXY,14.4274,84.4127,54.0,986.0,,Severe Cyclonic Storm,train
2022127N10091,ASANI,NI,2022-05-09T18:00:00+00:00,SYN_PROXY,data/processed/frames/2022127N10091_202205091800.png,IR_PROXY,14.7,84.2,54.0,986.0,,Severe Cyclonic Storm,train
2022127N10091,ASANI,NI,2022-05-09T21:00:00+00:00,SYN_PROXY,data/processed/frames/2022127N10091_202205092100.png,IR_PROXY,14.7795,84.1323,59.0,981.0,,Severe Cyclonic Storm,train
2022127N10091,ASANI,NI,2022-05-10T00:00:00+00:00,SYN_PROXY,data/processed/frames/2022127N10091_202205100000.png,IR_PROXY,14.8,83.9,64.0,976.0,,Very Severe Cyclonic Storm,train
2022127N10091,ASANI,NI,2022-05-10T03:00:00+00:00,SYN_PROXY,data/processed/frames/2022127N10091_202205100300.png,IR_PROXY,14.8286,83.115,64.0,976.0,,Very Severe Cyclonic Storm,train
2022127N10091,ASANI,NI,2022-05-10T06:00:00+00:00,SYN_PROXY,data/processed/frames/2022127N10091_202205100600.png,IR_PROXY,14.9,82.3,64.0,977.0,,Very Severe Cyclonic Storm,train
2022127N10091,ASANI,NI,2022-05-10T09:00:00+00:00,SYN_PROXY,data/processed/frames/2022127N10091_202205100900.png,IR_PROXY,15.0995,81.975,62.0,978.0,,Severe Cyclonic Storm,train
2022127N10091,ASANI,NI,2022-05-10T12:00:00+00:00,SYN_PROXY,data/processed/frames/2022127N10091_202205101200.png,IR_PROXY,15.3,81.8,60.0,979.0,,Severe Cyclonic Storm,train
2022127N10091,ASANI,NI,2022-05-10T15:00:00+00:00,SYN_PROXY,data/processed/frames/2022127N10091_202205101500.png,IR_PROXY,15.3575,81.4999,57.0,980.0,,Severe Cyclonic Storm,train
2022127N10091,ASANI,NI,2022-05-10T18:00:00+00:00,SYN_PROXY,data/processed/frames/2022127N10091_202205101800.png,IR_PROXY,15.4,81.2,54.0,982.0,,Severe Cyclonic Storm,train
2022127N10091,ASANI,NI,2022-05-10T21:00:00+00:00,SYN_PROXY,data/processed/frames/2022127N10091_202205102100.png,IR_PROXY,15.5575,80.8751,52.0,984.0,,Severe Cyclonic Storm,train
2022127N10091,ASANI,NI,2022-05-11T00:00:00+00:00,SYN_PROXY,data/processed/frames/2022127N10091_202205110000.png,IR_PROXY,15.7,80.7,51.0,986.0,,Severe Cyclonic Storm,train
2022127N10091,ASANI,NI,2022-05-11T03:00:00+00:00,SYN_PROXY,data/processed/frames/2022127N10091_202205110300.png,IR_PROXY,15.7001,80.87,45.0,989.0,,Cyclonic Storm,train
2022127N10091,ASANI,NI,2022-05-11T06:00:00+00:00,SYN_PROXY,data/processed/frames/2022127N10091_202205110600.png,IR_PROXY,15.7,81.1,39.0,993.0,,Cyclonic Storm,train
2022127N10091,ASANI,NI,2022-05-11T09:00:00+00:00,SYN_PROXY,data/processed/frames/2022127N10091_202205110900.png,IR_PROXY,15.8125,81.1226,37.0,994.0,,Cyclonic Storm,train
2022127N10091,ASANI,NI,2022-05-11T12:00:00+00:00,SYN_PROXY,data/processed/frames/2022127N10091_202205111200.png,IR_PROXY,16.0,81.0,35.0,995.0,,Cyclonic Storm,train
2022224N22066,NOT_NAMED,NI,2022-08-12T06:00:00+00:00,SYN_PROXY,data/processed/frames/2022224N22066_202208120600.png,IR_PROXY,21.7,65.7,35.0,991.0,,Cyclonic Storm,train
2022224N22066,NOT_NAMED,NI,2022-08-12T09:00:00+00:00,SYN_PROXY,data/processed/frames/2022224N22066_202208120900.png,IR_PROXY,21.8324,65.7271,35.0,990.0,,Cyclonic Storm,train
2022224N22066,NOT_NAMED,NI,2022-08-12T12:00:00+00:00,SYN_PROXY,data/processed/frames/2022224N22066_202208121200.png,IR_PROXY,22.0,65.6,35.0,989.0,,Cyclonic Storm,train
2022224N22066,NOT_NAMED,NI,2022-08-12T15:00:00+00:00,SYN_PROXY,data/processed/frames/2022224N22066_202208121500.png,IR_PROXY,22.2026,65.2181,35.0,990.0,,Cyclonic Storm,train
2022224N22066,NOT_NAMED,NI,2022-08-12T18:00:00+00:00,SYN_PROXY,data/processed/frames/2022224N22066_202208121800.png,IR_PROXY,22.3,64.7,35.0,992.0,,Cyclonic Storm,train
2022224N22066,NOT_NAMED,NI,2022-08-12T21:00:00+00:00,SYN_PROXY,data/processed/frames/2022224N22066_202208122100.png,IR_PROXY,22.1528,64.1393,35.0,992.0,,Cyclonic Storm,train
2022224N22066,NOT_NAMED,NI,2022-08-13T00:00:00+00:00,SYN_PROXY,data/processed/frames/2022224N22066_202208130000.png,IR_PROXY,21.9,63.7,35.0,992.0,,Cyclonic Storm,train
2022224N22066,NOT_NAMED,NI,2022-08-13T03:00:00+00:00,SYN_PROXY,data/processed/frames/2022224N22066_202208130300.png,IR_PROXY,21.6619,63.4852,32.0,992.0,,Deep Depression,train
2022224N22066,NOT_NAMED,NI,2022-08-13T06:00:00+00:00,SYN_PROXY,data/processed/frames/2022224N22066_202208130600.png,IR_PROXY,21.5,63.6,29.0,992.0,,Deep Depression,train
2022224N22066,NOT_NAMED,NI,2022-08-13T09:00:00+00:00,SYN_PROXY,data/processed/frames/2022224N22066_202208130900.png,IR_PROXY,21.5011,64.0921,29.0,991.0,,Deep Depression,train
2022224N22066,NOT_NAMED,NI,2022-08-13T12:00:00+00:00,SYN_PROXY,data/processed/frames/2022224N22066_202208131200.png,IR_PROXY,21.6,64.8,29.0,991.0,,Deep Depression,train
2022231N21090,NOT_NAMED,NI,2022-08-18T18:00:00+00:00,SYN_PROXY,data/processed/frames/2022231N21090_202208181800.png,IR_PROXY,20.5,89.9,35.0,992.0,,Cyclonic Storm,val
2022231N21090,NOT_NAMED,NI,2022-08-18T21:00:00+00:00,SYN_PROXY,data/processed/frames/2022231N21090_202208182100.png,IR_PROXY,20.673,89.398,37.0,991.0,,Cyclonic Storm,val
2022231N21090,NOT_NAMED,NI,2022-08-19T00:00:00+00:00,SYN_PROXY,data/processed/frames/2022231N21090_202208190000.png,IR_PROXY,20.8,89.1,39.0,991.0,,Cyclonic Storm,val
2022231N21090,NOT_NAMED,NI,2022-08-19T03:00:00+00:00,SYN_PROXY,data/processed/frames/2022231N21090_202208190300.png,IR_PROXY,20.8697,89.107,42.0,990.0,,Cyclonic Storm,val
2022231N21090,NOT_NAMED,NI,2022-08-19T06:00:00+00:00,SYN_PROXY,data/processed/frames/2022231N21090_202208190600.png,IR_PROXY,21.0,89.1,45.0,990.0,,Cyclonic Storm,val
2022231N21090,NOT_NAMED,NI,2022-08-19T09:00:00+00:00,SYN_PROXY,data/processed/frames/2022231N21090_202208190900.png,IR_PROXY,21.3427,88.7181,42.0,992.0,,Cyclonic Storm,val
2022231N21090,NOT_NAMED,NI,2022-08-19T12:00:00+00:00,SYN_PROXY,data/processed/frames/2022231N21090_202208191200.png,IR_PROXY,21.7,88.2,39.0,995.0,,Cyclonic Storm,val
2022231N21090,NOT_NAMED,NI,2022-08-19T15:00:00+00:00,SYN_PROXY,data/processed/frames/2022231N21090_202208191500.png,IR_PROXY,21.8491,87.8164,37.0,995.0,,Cyclonic Storm,val
2022231N21090,NOT_NAMED,NI,2022-08-19T18:00:00+00:00,SYN_PROXY,data/processed/frames/2022231N21090_202208191800.png,IR_PROXY,22.0,87.3,35.0,995.0,,Cyclonic Storm,val
2022231N21090,NOT_NAMED,NI,2022-08-19T21:00:00+00:00,SYN_PROXY,data/processed/frames/2022231N21090_202208192100.png,IR_PROXY,22.3018,86.4919,32.0,996.0,,Deep Depression,val
2022231N21090,NOT_NAMED,NI,2022-08-20T00:00:00+00:00,SYN_PROXY,data/processed/frames/2022231N21090_202208200000.png,IR_PROXY,22.7,85.5,29.0,998.0,,Deep Depression,val
2022297N16088,SITRANG,NI,2022-10-23T12:00:00+00:00,SYN_PROXY,data/processed/frames/2022297N16088_202210231200.png,IR_PROXY,15.8,88.4,35.0,998.0,,Cyclonic Storm,train
2022297N16088,SITRANG,NI,2022-10-23T15:00:00+00:00,SYN_PROXY,data/processed/frames/2022297N16088_202210231500.png,IR_PROXY,16.255,88.6022,35.0,998.0,,Cyclonic Storm,train
2022297N16088,SITRANG,NI,2022-10-23T18:00:00+00:00,SYN_PROXY,data/processed/frames/2022297N16088_202210231800.png,IR_PROXY,16.7,88.8,35.0,998.0,,Cyclonic Storm,train
2022297N16088,SITRANG,NI,2022-10-23T21:00:00+00:00,SYN_PROXY,data/processed/frames/2022297N16088_202210232100.png,IR_PROXY,17.1475,88.9928,35.0,997.0,,Cyclonic Storm,train
2022297N16088,SITRANG,NI,2022-10-24T00:00:00+00:00,SYN_PROXY,data/processed/frames/2022297N16088_202210240000.png,IR_PROXY,17.7,89.2,35.0,997.0,,Cyclonic Storm,train
2022297N16088,SITRANG,NI,2022-10-24T03:00:00+00:00,SYN_PROXY,data/processed/frames/2022297N16088_202210240300.png,IR_PROXY,18.4475,89.4425,37.0,998.0,,Cyclonic Storm,train
2022297N16088,SITRANG,NI,2022-10-24T06:00:00+00:00,SYN_PROXY,data/processed/frames/2022297N16088_202210240600.png,IR_PROXY,19.3,89.7,39.0,999.0,,Cyclonic Storm,train
2022297N16088,SITRANG,NI,2022-10-24T09:00:00+00:00,SYN_PROXY,data/processed/frames/2022297N16088_202210240900.png,IR_PROXY,20.0375,89.929,42.0,999.0,,Cyclonic Storm,train
2022297N16088,SITRANG,NI,2022-10-24T12:00:00+00:00,SYN_PROXY,data/processed/frames/2022297N16088_202210241200.png,IR_PROXY,21.0,90.2,45.0,999.0,,Cyclonic Storm,train
2022297N16088,SITRANG,NI,2022-10-24T15:00:00+00:00,SYN_PROXY,data/processed/frames/2022297N16088_202210241500.png,IR_PROXY,22.4128,90.5669,40.0,996.0,,Cyclonic Storm,train
2022297N16088,SITRANG,NI,2022-10-24T18:00:00+00:00,SYN_PROXY,data/processed/frames/2022297N16088_202210241800.png,IR_PROXY,24.1,91.0,35.0,994.0,,Cyclonic Storm,train
2022342N09084,MANDOUG,NI,2022-12-08T00:00:00+00:00,SYN_PROXY,data/processed/frames/2022342N09084_202212080000.png,IR_PROXY,9.4,83.9,39.0,993.0,,Cyclonic Storm,val
2022342N09084,MANDOUG,NI,2022-12-08T03:00:00+00:00,SYN_PROXY,data/processed/frames/2022342N09084_202212080300.png,IR_PROXY,9.5125,83.6781,42.0,992.0,,Cyclonic Storm,val
2022342N09084,MANDOUG,NI,2022-12-08T06:00:00+00:00,SYN_PROXY,data/processed/frames/2022342N09084_202212080600.png,IR_PROXY,9.6413,83.4456,45.0,991.0,,Cyclonic Storm,val
2022342N09084,MANDOUG,NI,2022-12-08T09:00:00+00:00,SYN_PROXY,data/processed/frames/2022342N09084_202212080900.png,IR_PROXY,9.8012,83.1911,48.0,990.0,,Severe Cyclonic Storm,val
2022342N09084,MANDOUG,NI,2022-12-08T12:00:00+00:00,SYN_PROXY,data/processed/frames/2022342N09084_202212081200.png,IR_PROXY,10.0,82.9,51.0,990.0,,Severe Cyclonic Storm,val
2022342N09084,MANDOUG,NI,2022-12-08T15:00:00+00:00,SYN_PROXY,data/processed/frames/2022342N09084_202212081500.png,IR_PROXY,10.2469,82.5691,51.0,991.0,,Severe Cyclonic Storm,val
2022342N09084,MANDOUG,NI,2022-12-08T18:00:00+00:00,SYN_PROXY,data/processed/frames/2022342N09084_202212081800.png,IR_PROXY,10.5,82.2,51.0,993.0,,Severe Cyclonic Storm,val
2022342N09084,MANDOUG,NI,2022-12-08T21:00:00+00:00,SYN_PROXY,data/processed/frames/2022342N09084_202212082100.png,IR_PROXY,10.7151,81.7476,52.0,991.0,,Severe Cyclonic Storm,val
2022342N09084,MANDOUG,NI,2022-12-09T00:00:00+00:00,SYN_PROXY,data/processed/frames/2022342N09084_202212090000.png,IR_PROXY,10.9,81.4,54.0,989.0,,Severe Cyclonic Storm,val
2022342N09084,MANDOUG,NI,2022-12-09T03:00:00+00:00,SYN_PROXY,data/processed/frames/2022342N09084_202212090300.png,IR_PROXY,11.0274,81.3549,52.0,991.0,,Severe Cyclonic Storm,val
2022342N09084,MANDOUG,NI,2022-12-09T06:00:00+00:00,SYN_PROXY,data/processed/frames/2022342N09084_202212090600.png,IR_PROXY,11.2,81.4,51.0,993.0,,Severe Cyclonic Storm,val
2022342N09084,MANDOUG,NI,2022-12-09T09:00:00+00:00,SYN_PROXY,data/processed/frames/2022342N09084_202212090900.png,IR_PROXY,11.5125,81.3374,48.0,993.0,,Severe Cyclonic Storm,val
2022342N09084,MANDOUG,NI,2022-12-09T12:00:00+00:00,SYN_PROXY,data/processed/frames/2022342N09084_202212091200.png,IR_PROXY,11.9,81.2,45.0,994.0,,Cyclonic Storm,val
2022342N09084,MANDOUG,NI,2022-12-09T15:00:00+00:00,SYN_PROXY,data/processed/frames/2022342N09084_202212091500.png,IR_PROXY,12.3375,80.9801,40.0,995.0,,Cyclonic Storm,val
2022342N09084,MANDOUG,NI,2022-12-09T18:00:00+00:00,SYN_PROXY,data/processed/frames/2022342N09084_202212091800.png,IR_PROXY,12.7,80.7,35.0,996.0,,Cyclonic Storm,val
2022342N09084,MANDOUG,NI,2022-12-09T21:00:00+00:00,SYN_PROXY,data/processed/frames/2022342N09084_202212092100.png,IR_PROXY,12.8626,80.4024,32.0,997.0,,Deep Depression,val
2022342N09084,MANDOUG,NI,2022-12-10T00:00:00+00:00,SYN_PROXY,data/processed/frames/2022342N09084_202212100000.png,IR_PROXY,12.9,80.1,29.0,998.0,,Deep Depression,val
2022349N13068,NOT_NAMED,NI,2022-12-15T00:00:00+00:00,SYN_PROXY,data/processed/frames/2022349N13068_202212150000.png,IR_PROXY,13.5,67.8,35.0,1006.0,,Cyclonic Storm,train
2022349N13068,NOT_NAMED,NI,2022-12-15T03:00:00+00:00,SYN_PROXY,data/processed/frames/2022349N13068_202212150300.png,IR_PROXY,13.7126,67.5076,40.0,1003.0,,Cyclonic Storm,train
2022349N13068,NOT_NAMED,NI,2022-12-15T06:00:00+00:00,SYN_PROXY,data/processed/frames/2022349N13068_202212150600.png,IR_PROXY,13.9,67.2,45.0,1001.0,,Cyclonic Storm,train
2022349N13068,NOT_NAMED,NI,2022-12-15T09:00:00+00:00,SYN_PROXY,data/processed/frames/2022349N13068_202212150900.png,IR_PROXY,14.0374,66.865,42.0,1000.0,,Cyclonic Storm,train
2022349N13068,NOT_NAMED,NI,2022-12-15T12:00:00+00:00,SYN_PROXY,data/processed/frames/2022349N13068_202212151200.png,IR_PROXY,14.1,66.5,39.0,999.0,,Cyclonic Storm,train
2022349N13068,NOT_NAMED,NI,2022-12-15T15:00:00+00:00,SYN_PROXY,data/processed/frames/2022349N13068_202212151500.png,IR_PROXY,14.0725,66.1074,37.0,1001.0,,Cyclonic Storm,train
2022349N13068,NOT_NAMED,NI,2022-12-15T18:00:00+00:00,SYN_PROXY,data/processed/frames/2022349N13068_202212151800.png,IR_PROXY,14.0,65.7,35.0,1003.0,,Cyclonic Storm,train
2022349N13068,NOT_NAMED,NI,2022-12-15T21:00:00+00:00,SYN_PROXY,data/processed/frames/2022349N13068_202212152100.png,IR_PROXY,13.9651,65.2701,35.0,1003.0,,Cyclonic Storm,train
2022349N13068,NOT_NAMED,NI,2022-12-16T00:00:00+00:00,SYN_PROXY,data/processed/frames/2022349N13068_202212160000.png,IR_PROXY,13.9,64.9,35.0,1003.0,,Cyclonic Storm,train
2022349N13068,NOT_NAMED,NI,2022-12-16T03:00:00+00:00,SYN_PROXY,data/processed/frames/2022349N13068_202212160300.png,IR_PROXY,13.6973,64.6998,35.0,1003.0,,Cyclonic Storm,train
2022349N13068,NOT_NAMED,NI,2022-12-16T06:00:00+00:00,SYN_PROXY,data/processed/frames/2022349N13068_202212160600.png,IR_PROXY,13.6,64.5,35.0,1004.0,,Cyclonic Storm,train
2022349N13068,NOT_NAMED,NI,2022-12-16T09:00:00+00:00,SYN_PROXY,data/processed/frames/2022349N13068_202212160900.png,IR_PROXY,13.8776,64.1305,32.0,1003.0,,Deep Depression,train
2022349N13068,NOT_NAMED,NI,2022-12-16T12:00:00+00:00,SYN_PROXY,data/processed/frames/2022349N13068_202212161200.png,IR_PROXY,14.2,63.7,29.0,1002.0,,Deep Depression,train
2022349N13068,NOT_NAMED,NI,2022-12-16T15:00:00+00:00,SYN_PROXY,data/processed/frames/2022349N13068_202212161500.png,IR_PROXY,14.26,63.2923,29.0,1002.0,,Deep Depression,train
2022349N13068,NOT_NAMED,NI,2022-12-16T18:00:00+00:00,SYN_PROXY,data/processed/frames/2022349N13068_202212161800.png,IR_PROXY,14.2,62.9,29.0,1002.0,,Deep Depression,train
2022349N13068,NOT_NAMED,NI,2022-12-16T21:00:00+00:00,SYN_PROXY,data/processed/frames/2022349N13068_202212162100.png,IR_PROXY,14.115,62.5445,29.0,1003.0,,Deep Depression,train
2022349N13068,NOT_NAMED,NI,2022-12-17T00:00:00+00:00,SYN_PROXY,data/processed/frames/2022349N13068_202212170000.png,IR_PROXY,14.0,62.2,29.0,1004.0,,Deep Depression,train
2022349N13068,NOT_NAMED,NI,2022-12-17T18:00:00+00:00,SYN_PROXY,data/processed/frames/2022349N13068_202212171800.png,IR_PROXY,13.5,59.9,25.0,1008.0,,Depression,train
2023131N11088,MOCHA,NI,2023-05-11T00:00:00+00:00,SYN_PROXY,data/processed/frames/2023131N11088_202305110000.png,IR_PROXY,11.1,88.2,35.0,994.0,,Cyclonic Storm,train
2023131N11088,MOCHA,NI,2023-05-11T03:00:00+00:00,SYN_PROXY,data/processed/frames/2023131N11088_202305110300.png,IR_PROXY,11.225,88.14,40.0,992.0,,Cyclonic Storm,train
2023131N11088,MOCHA,NI,2023-05-11T06:00:00+00:00,SYN_PROXY,data/processed/frames/2023131N11088_202305110600.png,IR_PROXY,11.4,88.1,45.0,991.0,,Cyclonic Storm,train
2023131N11088,MOCHA,NI,2023-05-11T09:00:00+00:00,SYN_PROXY,data/processed/frames/2023131N11088_202305110900.png,IR_PROXY,11.6625,88.0925,48.0,990.0,,Severe Cyclonic Storm,train
2023131N11088,MOCHA,NI,2023-05-11T12:00:00+00:00,SYN_PROXY,data/processed/frames/2023131N11088_202305111200.png,IR_PROXY,12.0,88.1,51.0,990.0,,Severe Cyclonic Storm,train
2023131N11088,MOCHA,NI,2023-05-11T15:00:00+00:00,SYN_PROXY,data/processed/frames/2023131N11088_202305111500.png,IR_PROXY,12.4,88.0925,55.0,987.0,,Severe Cyclonic Storm,train
2023131N11088,MOCHA,NI,2023-05-11T18:00:00+00:00,SYN_PROXY,data/processed/frames/2023131N11088_202305111800.png,IR_PROXY,12.8,88.1,60.0,984.0,,Severe Cyclonic Storm,train
2023131N11088,MOCHA,NI,2023-05-11T21:00:00+00:00,SYN_PROXY,data/processed/frames/2023131N11088_202305112100.png,IR_PROXY,13.115,88.1425,62.0,982.0,,Severe Cyclonic Storm,train
2023131N11088,MOCHA,NI,2023-05-12T00:00:00+00:00,SYN_PROXY,data/processed/frames/2023131N11088_202305120000.png,IR_PROXY,13.4,88.2,64.0,981.0,,Very Severe Cyclonic Storm,train
2023131N11088,MOCHA,NI,2023-05-12T03:00:00+00:00,SYN_PROXY,data/processed/frames/2023131N11088_202305120300.png,IR_PROXY,13.7,88.2276,69.0,981.0,,Very Severe Cyclonic Storm,train
2023131N11088,MOCHA,NI,2023-05-12T06:00:00+00:00,SYN_PROXY,data/processed/frames/2023131N11088_202305120600.png,IR_PROXY,14.0,88.3,74.0,981.0,,Very Severe Cyclonic Storm,train
2023131N11088,MOCHA,NI,2023-05-12T09:00:00+00:00,SYN_PROXY,data/processed/frames/2023131N11088_202305120900.png,IR_PROXY,14.3151,88.5073,81.0,973.0,,Very Severe Cyclonic Storm,train
2023131N11088,MOCHA,NI,2023-05-12T12:00:00+00:00,SYN_PROXY,data/processed/frames/2023131N11088_202305121200.png,IR_PROXY,14.6,88.7,89.0,966.0,,Very Severe Cyclonic Storm,train
2023131N11088,MOCHA,NI,2023-05-12T15:00:00+00:00,SYN_PROXY,data/processed/frames/2023131N11088_202305121500.png,IR_PROXY,14.8224,88.7002,99.0,963.0,,Extremely Severe Cyclonic Storm,train
2023131N11088,MOCHA,NI,2023-05-12T18:00:00+00:00,SYN_PROXY,data/processed/frames/2023131N11088_202305121800.png,IR_PROXY,15.0,88.7,109.0,960.0,,Extremely Severe Cyclonic Storm,train
2023131N11088,MOCHA,NI,2023-05-12T21:00:00+00:00,SYN_PROXY,data/processed/frames/2023131N11088_202305122100.png,IR_PROXY,15.1274,88.8327,112.0,957.0,,Extremely Severe Cyclonic Storm,train
2023131N11088,MOCHA,NI,2023-05-13T00:00:00+00:00,SYN_PROXY,data/processed/frames/2023131N11088_202305130000.png,IR_PROXY,15.3,89.1,115.0,955.0,,Extremely Severe Cyclonic Storm,train
2023131N11088,MOCHA,NI,2023-05-13T03:00:00+00:00,SYN_PROXY,data/processed/frames/2023131N11088_202305130300.png,IR_PROXY,15.6051,89.5199,115.0,955.0,,Extremely Severe Cyclonic Storm,train
2023131N11088,MOCHA,NI,2023-05-13T06:00:00+00:00,SYN_PROXY,data/processed/frames/2023131N11088_202305130600.png,IR_PROXY,16.0,90.0,115.0,955.0,,Extremely Severe Cyclonic Storm,train
2023131N11088,MOCHA,NI,2023-05-13T09:00:00+00:00,SYN_PROXY,data/processed/frames/2023131N11088_202305130900.png,IR_PROXY,16.435,90.4449,121.0,939.0,,Super Cyclonic Storm,train
2023131N11088,MOCHA,NI,2023-05-13T12:00:00+00:00,SYN_PROXY,data/processed/frames/2023131N11088_202305131200.png,IR_PROXY,16.9,90.8,128.0,923.0,,Super Cyclonic Storm,train
2023131N11088,MOCHA,NI,2023-05-13T15:00:00+00:00,SYN_PROXY,data/processed/frames/2023131N11088_202305131500.png,IR_PROXY,17.3498,90.9581,128.0,923.0,,Super Cyclonic Storm,train
2023131N11088,MOCHA,NI,2023-05-13T18:00:00+00:00,SYN_PROXY,data/processed/frames/2023131N11088_202305131800.png,IR_PROXY,17.8,91.1,128.0,923.0,,Super Cyclonic Storm,train
2023131N11088,MOCHA,NI,2023-05-13T21:00:00+00:00,SYN_PROXY,data/processed/frames/2023131N11088_202305132100.png,IR_PROXY,18.2351,91.4201,133.0,921.0,,Super Cyclonic Storm,train
2023131N11088,MOCHA,NI,2023-05-14T00:00:00+00:00,SYN_PROXY,data/processed/frames/2023131N11088_202305140000.png,IR_PROXY,18.7,91.8,138.0,919.0,,Super Cyclonic Storm,train
2023131N11088,MOCHA,NI,2023-05-14T03:00:00+00:00,SYN_PROXY,data/processed/frames/2023131N11088_202305140300.png,IR_PROXY,19.2425,92.1575,136.0,918.0,,Super Cyclonic Storm,train
2023131N11088,MOCHA,NI,2023-05-14T06:00:00+00:00,SYN_PROXY,data/processed/frames/2023131N11088_202305140600.png,IR_PROXY,19.8,92.5,134.0,918.0,,Super Cyclonic Storm,train
2023131N11088,MOCHA,NI,2023-05-14T09:00:00+00:00,SYN_PROXY,data/processed/frames/2023131N11088_202305140900.png,IR_PROXY,20.2169,92.7348,119.0,932.0,,Extremely Severe Cyclonic Storm,train
2023131N11088,MOCHA,NI,2023-05-14T12:00:00+00:00,SYN_PROXY,data/processed/frames/2023131N11088_202305141200.png,IR_PROXY,20.8,93.1,105.0,946.0,,Extremely Severe Cyclonic Storm,train
2023131N11088,MOCHA,NI,2023-05-14T15:00:00+00:00,SYN_PROXY,data/processed/frames/2023131N11088_202305141500.png,IR_PROXY,21.7791,93.7926,79.0,965.0,,Very Severe Cyclonic Storm,train
2023131N11088,MOCHA,NI,2023-05-14T18:00:00+00:00,SYN_PROXY,data/processed/frames/2023131N11088_202305141800.png,IR_PROXY,23.0,94.7,54.0,984.0,,Severe Cyclonic Storm,train
2023157N12066,BIPARJOY,NI,2023-06-06T06:00:00+00:00,SYN_PROXY,data/processed/frames/2023157N12066_202306060600.png,IR_PROXY,11.9,66.0,51.0,994.0,,Severe Cyclonic Storm,test
2023157N12066,BIPARJOY,NI,2023-06-06T09:00:00+00:00,SYN_PROXY,data/processed/frames/2023157N12066_202306060900.png,IR_PROXY,12.13,65.9775,52.0,993.0,,Severe Cyclonic Storm,test
2023157N12066,BIPARJOY,NI,2023-06-06T12:00:00+00:00,SYN_PROXY,data/processed/frames/2023157N12066_202306061200.png,IR_PROXY,12.3,66.0,54.0,992.0,,Severe Cyclonic Storm,test
2023157N12066,BIPARJOY,NI,2023-06-06T15:00:00+00:00,SYN_PROXY,data/processed/frames/2023157N12066_202306061500.png,IR_PROXY,12.3725,66.0925,62.0,987.0,,Severe Cyclonic Storm,test
2023157N12066,BIPARJOY,NI,2023-06-06T18:00:00+00:00,SYN_PROXY,data/processed/frames/2023157N12066_202306061800.png,IR_PROXY,12.4,66.2,70.0,982.0,,Very Severe Cyclonic Storm,test
2023157N12066,BIPARJOY,NI,2023-06-06T21:00:00+00:00,SYN_PROXY,data/processed/frames/2023157N12066_202306062100.png,IR_PROXY,12.4275,66.2575,72.0,978.0,,Very Severe Cyclonic Storm,test
2023157N12066,BIPARJOY,NI,2023-06-07T00:00:00+00:00,SYN_PROXY,data/processed/frames/2023157N12066_202306070000.png,IR_PROXY,12.5,66.3,74.0,975.0,,Very Severe Cyclonic Storm,test
2023157N12066,BIPARJOY,NI,2023-06-07T03:00:00+00:00,SYN_PROXY,data/processed/frames/2023157N12066_202306070300.png,IR_PROXY,12.655,66.3575,77.0,974.0,,Very Severe Cyclonic Storm,test
2023157N12066,BIPARJOY,NI,2023-06-07T06:00:00+00:00,SYN_PROXY,data/processed/frames/2023157N12066_202306070600.png,IR_PROXY,12.9,66.4,80.0,973.0,,Very Severe Cyclonic Storm,test
2023157N12066,BIPARJOY,NI,2023-06-07T09:00:00+00:00,SYN_PROXY,data/processed/frames/2023157N12066_202306070900.png,IR_PROXY,13.265,66.4449,82.0,971.0,,Very Severe Cyclonic Storm,test
2023157N12066,BIPARJOY,NI,2023-06-07T12:00:00+00:00,SYN_PROXY,data/processed/frames/2023157N12066_202306071200.png,IR_PROXY,13.6,66.4,84.0,970.0,,Very Severe Cyclonic Storm,test
2023157N12066,BIPARJOY,NI,2023-06-07T15:00:00+00:00,SYN_PROXY,data/processed/frames/2023157N12066_202306071500.png,IR_PROXY,13.7601,66.1276,84.0,970.0,,Very Severe Cyclonic Storm,test
2023157N12066,BIPARJOY,NI,2023-06-07T18:00:00+00:00,SYN_PROXY,data/processed/frames/2023157N12066_202306071800.png,IR_PROXY,13.8,65.9,84.0,970.0,,Very Severe Cyclonic Storm,test
2023157N12066,BIPARJOY,NI,2023-06-07T21:00:00+00:00,SYN_PROXY,data/processed/frames/2023157N12066_202306072100.png,IR_PROXY,13.7275,66.02,82.0,971.0,,Very Severe Cyclonic Storm,test
2023157N12066,BIPARJOY,NI,2023-06-08T00:00:00+00:00,SYN_PROXY,data/processed/frames/2023157N12066_202306080000.png,IR_PROXY,13.7,66.2,80.0,972.0,,Very Severe Cyclonic Storm,test
2023157N12066,BIPARJOY,NI,2023-06-08T03:00:00+00:00,SYN_PROXY,data/processed/frames/2023157N12066_202306080300.png,IR_PROXY,13.9275,66.18,77.0,974.0,,Very Severe Cyclonic Storm,test
2023157N12066,BIPARJOY,NI,2023-06-08T06:00:00+00:00,SYN_PROXY,data/processed/frames/2023157N12066_202306080600.png,IR_PROXY,14.2,66.1,74.0,976.0,,Very Severe Cyclonic Storm,test
2023157N12066,BIPARJOY,NI,2023-06-08T09:00:00+00:00,SYN_PROXY,data/processed/frames/2023157N12066_202306080900.png,IR_PROXY,14.3375,66.0275,74.0,976.0,,Very Severe Cyclonic Storm,test
2023157N12066,BIPARJOY,NI,2023-06-08T12:00:00+00:00,SYN_PROXY,data/processed/frames/2023157N12066_202306081200.png,IR_PROXY,14.4,66.0,74.0,976.0,,Very Severe Cyclonic Storm,test
2023157N12066,BIPARJOY,NI,2023-06-08T15:00:00+00:00,SYN_PROXY,data/processed/frames/2023157N12066_202306081500.png,IR_PROXY,14.4,66.0625,74.0,975.0,,Very Severe Cyclonic Storm,test
2023157N12066,BIPARJOY,NI,2023-06-08T18:00:00+00:00,SYN_PROXY,data/processed/frames/2023157N12066_202306081800.png,IR_PROXY,14.4,66.2,74.0,975.0,,Very Severe Cyclonic Storm,test
2023157N12066,BIPARJOY,NI,2023-06-08T21:00:00+00:00,SYN_PROXY,data/processed/frames/2023157N12066_202306082100.png,IR_PROXY,14.47,66.37,69.0,979.0,,Very Severe Cyclonic Storm,test
2023157N12066,BIPARJOY,NI,2023-06-09T00:00:00+00:00,SYN_PROXY,data/processed/frames/2023157N12066_202306090000.png,IR_PROXY,14.6,66.6,64.0,983.0,,Very Severe Cyclonic Storm,test
2023157N12066,BIPARJOY,NI,2023-06-09T03:00:00+00:00,SYN_PROXY,data/processed/frames/2023157N12066_202306090300.png,IR_PROXY,14.7776,66.9224,64.0,983.0,,Very Severe Cyclonic Storm,test
2023157N12066,BIPARJOY,NI,2023-06-09T06:00:00+00:00,SYN_PROXY,data/processed/frames/2023157N12066_202306090600.png,IR_PROXY,15.0,67.2,64.0,983.0,,Very Severe Cyclonic Storm,test
2023157N12066,BIPARJOY,NI,2023-06-09T09:00:00+00:00,SYN_PROXY,data/processed/frames/2023157N12066_202306090900.png,IR_PROXY,15.2274,67.2876,62.0,984.0,,Severe Cyclonic Storm,test
2023157N12066,BIPARJOY,NI,2023-06-09T12:00:00+00:00,SYN_PROXY,data/processed/frames/2023157N12066_202306091200.png,IR_PROXY,15.5,67.3,60.0,986.0,,Severe Cyclonic Storm,test
2023157N12066,BIPARJOY,NI,2023-06-09T15:00:00+00:00,SYN_PROXY,data/processed/frames/2023157N12066_202306091500.png,IR_PROXY,15.85,67.3575,62.0,982.0,,Severe Cyclonic Storm,test
2023157N12066,BIPARJOY,NI,2023-06-09T18:00:00+00:00,SYN_PROXY,data/processed/frames/2023157N12066_202306091800.png,IR_PROXY,16.2,67.4,64.0,979.0,,Very Severe Cyclonic Storm,test
2023157N12066,BIPARJOY,NI,2023-06-09T21:00:00+00:00,SYN_PROXY,data/processed/frames/2023157N12066_202306092100.png,IR_PROXY,16.465,67.4075,67.0,974.0,,Very Severe Cyclonic Storm,test
2023157N12066,BIPARJOY,NI,2023-06-10T00:00:00+00:00,SYN_PROXY,data/processed/frames/2023157N12066_202306100000.png,IR_PROXY,16.7,67.4,70.0,970.0,,Very Severe Cyclonic Storm,test
2023157N12066,BIPARJOY,NI,2023-06-10T03:00:00+00:00,SYN_PROXY,data/processed/frames/2023157N12066_202306100300.png,IR_PROXY,16.98,67.4,77.0,968.0,,Very Severe Cyclonic Storm,test
2023157N12066,BIPARJOY,NI,2023-06-10T06:00:00+00:00,SYN_PROXY,data/processed/frames/2023157N12066_202306100600.png,IR_PROXY,17.2,67.4,84.0,966.0,,Very Severe Cyclonic Storm,test
2023157N12066,BIPARJOY,NI,2023-06-10T09:00:00+00:00,SYN_PROXY,data/processed/frames/2023157N12066_202306100900.png,IR_PROXY,17.28,67.3925,86.0,963.0,,Very Severe Cyclonic Storm,test
2023157N12066,BIPARJOY,NI,2023-06-10T12:00:00+00:00,SYN_PROXY,data/processed/frames/2023157N12066_202306101200.png,IR_PROXY,17.3,67.4,89.0,961.0,,Very Severe Cyclonic Storm,test
2023157N12066,BIPARJOY,NI,2023-06-10T15:00:00+00:00,SYN_PROXY,data/processed/frames/2023157N12066_202306101500.png,IR_PROXY,17.32,67.45,97.0,953.0,,Extremely Severe Cyclonic Storm,test
2023157N12066,BIPARJOY,NI,2023-06-10T18:00:00+00:00,SYN_PROXY,data/processed/frames/2023157N12066_202306101800.png,IR_PROXY,17.4,67.5,105.0,946.0,,Extremely Severe Cyclonic Storm,test
2023157N12066,BIPARJOY,NI,2023-06-10T21:00:00+00:00,SYN_PROXY,data/processed/frames/2023157N12066_202306102100.png,IR_PROXY,17.62,67.4926,102.0,947.0,,Extremely Severe Cyclonic Storm,test
2023157N12066,BIPARJOY,NI,2023-06-11T00:00:00+00:00,SYN_PROXY,data/processed/frames/2023157N12066_202306110000.png,IR_PROXY,17.9,67.5,99.0,948.0,,Extremely Severe Cyclonic Storm,test
2023157N12066,BIPARJOY,NI,2023-06-11T03:00:00+00:00,SYN_PROXY,data/processed/frames/2023157N12066_202306110300.png,IR_PROXY,18.165,67.5924,102.0,946.0,,Extremely Severe Cyclonic Storm,test
2023157N12066,BIPARJOY,NI,2023-06-11T06:00:00+00:00,SYN_PROXY,data/processed/frames/2023157N12066_202306110600.png,IR_PROXY,18.4,67.7,105.0,945.0,,Extremely Severe Cyclonic Storm,test
2023157N12066,BIPARJOY,NI,2023-06-11T09:00:00+00:00,SYN_PROXY,data/processed/frames/2023157N12066_202306110900.png,IR_PROXY,18.5575,67.765,105.0,945.0,,Extremely Severe Cyclonic Storm,test
2023157N12066,BIPARJOY,NI,2023-06-11T12:00:00+00:00,SYN_PROXY,data/processed/frames/2023157N12066_202306111200.png,IR_PROXY,18.7,67.8,105.0,945.0,,Extremely Severe Cyclonic Storm,test
2023157N12066,BIPARJOY,NI,2023-06-11T15:00:00+00:00,SYN_PROXY,data/processed/frames/2023157N12066_202306111500.png,IR_PROXY,18.9,67.815,97.0,950.0,,Extremely Severe Cyclonic Storm,test
2023157N12066,BIPARJOY,NI,2023-06-11T18:00:00+00:00,SYN_PROXY,data/processed/frames/2023157N12066_202306111800.png,IR_PROXY,19.1,67.8,89.0,955.0,,Very Severe Cyclonic Storm,test
2023157N12066,BIPARJOY,NI,2023-06-11T21:00:00+00:00,SYN_PROXY,data/processed/frames/2023157N12066_202306112100.png,IR_PROXY,19.2575,67.7725,86.0,955.0,,Very Severe Cyclonic Storm,test
2023157N12066,BIPARJOY,NI,2023-06-12T00:00:00+00:00,SYN_PROXY,data/processed/frames/2023157N12066_202306120000.png,IR_PROXY,19.4,67.7,84.0,955.0,,Very Severe Cyclonic Storm,test
2023157N12066,BIPARJOY,NI,2023-06-12T03:00:00+00:00,SYN_PROXY,data/processed/frames/2023157N12066_202306120300.png,IR_PROXY,19.5575,67.5501,84.0,957.0,,Very Severe Cyclonic Storm,test
2023157N12066,BIPARJOY,NI,2023-06-12T06:00:00+00:00,SYN_PROXY,data/processed/frames/2023157N12066_202306120600.png,IR_PROXY,19.7,67.4,84.0,959.0,,Very Severe Cyclonic Storm,test
2023157N12066,BIPARJOY,NI,2023-06-12T09:00:00+00:00,SYN_PROXY,data/processed/frames/2023157N12066_202306120900.png,IR_PROXY,19.8075,67.3275,84.0,958.0,,Very Severe Cyclonic Storm,test
2023157N12066,BIPARJOY,NI,2023-06-12T12:00:00+00:00,SYN_PROXY,data/processed/frames/2023157N12066_202306121200.png,IR_PROXY,19.9,67.3,84.0,958.0,,Very Severe Cyclonic Storm,test
2023157N12066,BIPARJOY,NI,2023-06-12T15:00:00+00:00,SYN_PROXY,data/processed/frames/2023157N12066_202306121500.png,IR_PROXY,19.97,67.3074,84.0,958.0,,Very Severe Cyclonic Storm,test
2023157N12066,BIPARJOY,NI,2023-06-12T18:00:00+00:00,SYN_PROXY,data/processed/frames/2023157N12066_202306121800.png,IR_PROXY,20.1,67.3,84.0,958.0,,Very Severe Cyclonic Storm,test
2023157N12066,BIPARJOY,NI,2023-06-12T21:00:00+00:00,SYN_PROXY,data/processed/frames/2023157N12066_202306122100.png,IR_PROXY,20.385,67.23,86.0,956.0,,Very Severe Cyclonic Storm,test
2023157N12066,BIPARJOY,NI,2023-06-13T00:00:00+00:00,SYN_PROXY,data/processed/frames/2023157N12066_202306130000.png,IR_PROXY,20.7,67.1,89.0,954.0,,Very Severe Cyclonic Storm,test
2023157N12066,BIPARJOY,NI,2023-06-13T03:00:00+00:00,SYN_PROXY,data/processed/frames/2023157N12066_202306130300.png,IR_PROXY,20.93,66.9075,89.0,954.0,,Very Severe Cyclonic Storm,test
2023157N12066,BIPARJOY,NI,2023-06-13T06:00:00+00:00,SYN_PROXY,data/processed/frames/2023157N12066_202306130600.png,IR_PROXY,21.1,66.7,89.0,954.0,,Very Severe Cyclonic Storm,test
2023157N12066,BIPARJOY,NI,2023-06-13T09:00:00+00:00,SYN_PROXY,data/processed/frames/2023157N12066_202306130900.png,IR_PROXY,21.2075,66.4975,89.0,952.0,,Very Severe Cyclonic Storm,test
2023157N12066,BIPARJOY,NI,2023-06-13T12:00:00+00:00,SYN_PROXY,data/processed/frames/2023157N12066_202306131200.png,IR_PROXY,21.3,66.4,89.0,950.0,,Very Severe Cyclonic Storm,test
2023157N12066,BIPARJOY,NI,2023-06-13T15:00:00+00:00,SYN_PROXY,data/processed/frames/2023157N12066_202306131500.png,IR_PROXY,21.465,66.5648,84.0,954.0,,Very Severe Cyclonic Storm,test
2023157N12066,BIPARJOY,NI,2023-06-13T18:00:00+00:00,SYN_PROXY,data/processed/frames/2023157N12066_202306131800.png,IR_PROXY,21.6,66.7,80.0,959.0,,Very Severe Cyclonic Storm,test
2023157N12066,BIPARJOY,NI,2023-06-13T21:00:00+00:00,SYN_PROXY,data/processed/frames/2023157N12066_202306132100.png,IR_PROXY,21.6302,66.465,84.0,955.0,,Very Severe Cyclonic Storm,test
2023157N12066,BIPARJOY,NI,2023-06-14T00:00:00+00:00,SYN_PROXY,data/processed/frames/2023157N12066_202306140000.png,IR_PROXY,21.6,66.2,89.0,951.0,,Very Severe Cyclonic Storm,test
2023157N12066,BIPARJOY,NI,2023-06-14T03:00:00+00:00,SYN_PROXY,data/processed/frames/2023157N12066_202306140300.png,IR_PROXY,21.5124,66.1827,86.0,953.0,,Very Severe Cyclonic Storm,test
2023157N12066,BIPARJOY,NI,2023-06-14T06:00:00+00:00,SYN_PROXY,data/processed/frames/2023157N12066_202306140600.png,IR_PROXY,21.5,66.3,84.0,956.0,,Very Severe Cyclonic Storm,test
2023157N12066,BIPARJOY,NI,2023-06-14T09:00:00+00:00,SYN_PROXY,data/processed/frames/2023157N12066_202306140900.png,IR_PROXY,21.7276,66.5072,77.0,960.0,,Very Severe Cyclonic Storm,test
2023157N12066,BIPARJOY,NI,2023-06-14T12:00:00+00:00,SYN_PROXY,data/processed/frames/2023157N12066_202306141200.png,IR_PROXY,22.0,66.7,70.0,964.0,,Very Severe Cyclonic Storm,test
2023157N12066,BIPARJOY,NI,2023-06-14T15:00:00+00:00,SYN_PROXY,data/processed/frames/2023157N12066_202306141500.png,IR_PROXY,22.1075,66.7226,67.0,967.0,,Very Severe Cyclonic Storm,test
2023157N12066,BIPARJOY,NI,2023-06-14T18:00:00+00:00,SYN_PROXY,data/processed/frames/2023157N12066_202306141800.png,IR_PROXY,22.2,66.7,64.0,971.0,,Very Severe Cyclonic Storm,test
2023157N12066,BIPARJOY,NI,2023-06-14T21:00:00+00:00,SYN_PROXY,data/processed/frames/2023157N12066_202306142100.png,IR_PROXY,22.4075,66.72,62.0,972.0,,Severe Cyclonic Storm,test
2023157N12066,BIPARJOY,NI,2023-06-15T00:00:00+00:00,SYN_PROXY,data/processed/frames/2023157N12066_202306150000.png,IR_PROXY,22.6,66.8,60.0,973.0,,Severe Cyclonic Storm,test
2023157N12066,BIPARJOY,NI,2023-06-15T03:00:00+00:00,SYN_PROXY,data/processed/frames/2023157N12066_202306150300.png,IR_PROXY,22.6649,66.9476,60.0,972.0,,Severe Cyclonic Storm,test
2023157N12066,BIPARJOY,NI,2023-06-15T06:00:00+00:00,SYN_PROXY,data/processed/frames/2023157N12066_202306150600.png,IR_PROXY,22.7,67.2,60.0,972.0,,Severe Cyclonic Storm,test
2023157N12066,BIPARJOY,NI,2023-06-15T09:00:00+00:00,SYN_PROXY,data/processed/frames/2023157N12066_202306150900.png,IR_PROXY,22.7701,67.5776,57.0,974.0,,Severe Cyclonic Storm,test
2023157N12066,BIPARJOY,NI,2023-06-15T12:00:00+00:00,SYN_PROXY,data/processed/frames/2023157N12066_202306151200.png,IR_PROXY,22.9,68.0,54.0,976.0,,Severe Cyclonic Storm,test
2023157N12066,BIPARJOY,NI,2023-06-15T15:00:00+00:00,SYN_PROXY,data/processed/frames/2023157N12066_202306151500.png,IR_PROXY,23.15,68.3797,54.0,978.0,,Severe Cyclonic Storm,test
2023157N12066,BIPARJOY,NI,2023-06-15T18:00:00+00:00,SYN_PROXY,data/processed/frames/2023157N12066_202306151800.png,IR_PROXY,23.4,68.7,54.0,980.0,,Severe Cyclonic Storm,test
2023157N12066,BIPARJOY,NI,2023-06-15T21:00:00+00:00,SYN_PROXY,data/processed/frames/2023157N12066_202306152100.png,IR_PROXY,23.5224,68.9227,54.0,979.0,,Severe Cyclonic Storm,test
2023157N12066,BIPARJOY,NI,2023-06-16T00:00:00+00:00,SYN_PROXY,data/processed/frames/2023157N12066_202306160000.png,IR_PROXY,23.6,69.1,54.0,978.0,,Severe Cyclonic Storm,test
2023157N12066,BIPARJOY,NI,2023-06-16T03:00:00+00:00,SYN_PROXY,data/processed/frames/2023157N12066_202306160300.png,IR_PROXY,23.6998,69.2626,52.0,978.0,,Severe Cyclonic Storm,test
2023157N12066,BIPARJOY,NI,2023-06-16T06:00:00+00:00,SYN_PROXY,data/processed/frames/2023157N12066_202306160600.png,IR_PROXY,23.8,69.5,51.0,979.0,,Severe Cyclonic Storm,test
2023157N12066,BIPARJOY,NI,2023-06-16T09:00:00+00:00,SYN_PROXY,data/processed/frames/2023157N12066_202306160900.png,IR_PROXY,23.9005,69.8998,48.0,980.0,,Severe Cyclonic Storm,test
2023157N12066,BIPARJOY,NI,2023-06-16T12:00:00+00:00,SYN_PROXY,data/processed/frames/2023157N12066_202306161200.png,IR_PROXY,24.0,70.4,45.0,982.0,,Cyclonic Storm,test
2023161N20092,NOT_NAMED,NI,2023-06-09T12:00:00+00:00,SYN_PROXY,data/processed/frames/2023161N20092_202306091200.png,IR_PROXY,19.9,91.7,39.0,991.0,,Cyclonic Storm,train
2023161N20092,NOT_NAMED,NI,2023-06-09T15:00:00+00:00,SYN_PROXY,data/processed/frames/2023161N20092_202306091500.png,IR_PROXY,20.1,91.7499,39.0,991.0,,Cyclonic Storm,train
2023161N20092,NOT_NAMED,NI,2023-06-09T18:00:00+00:00,SYN_PROXY,data/processed/frames/2023161N20092_202306091800.png,IR_PROXY,20.3,91.8,39.0,991.0,,Cyclonic Storm,train
2023161N20092,NOT_NAMED,NI,2023-06-09T21:00:00+00:00,SYN_PROXY,data/processed/frames/2023161N20092_202306092100.png,IR_PROXY,20.6,91.8499,37.0,991.0,,Cyclonic Storm,train
2023161N20092,NOT_NAMED,NI,2023-06-10T00:00:00+00:00,SYN_PROXY,data/processed/frames/2023161N20092_202306100000.png,IR_PROXY,20.9,91.9,35.0,992.0,,Cyclonic Storm,train
2023213N20092,NOT_NAMED,NI,2023-07-31T18:00:00+00:00,SYN_PROXY,data/processed/frames/2023213N20092_202307311800.png,IR_PROXY,20.0,92.0,39.0,987.0,,Cyclonic Storm,test
2023213N20092,NOT_NAMED,NI,2023-07-31T21:00:00+00:00,SYN_PROXY,data/processed/frames/2023213N20092_202307312100.png,IR_PROXY,20.436,91.9072,39.0,987.0,,Cyclonic Storm,test
2023213N20092,NOT_NAMED,NI,2023-08-01T00:00:00+00:00,SYN_PROXY,data/processed/frames/2023213N20092_202308010000.png,IR_PROXY,20.9,91.7,39.0,987.0,,Cyclonic Storm,test
2023213N20092,NOT_NAMED,NI,2023-08-01T03:00:00+00:00,SYN_PROXY,data/processed/frames/2023213N20092_202308010300.png,IR_PROXY,21.431,91.0716,37.0,988.0,,Cyclonic Storm,test
2023213N20092,NOT_NAMED,NI,2023-08-01T06:00:00+00:00,SYN_PROXY,data/processed/frames/2023213N20092_202308010600.png,IR_PROXY,21.9,90.4,35.0,990.0,,Cyclonic Storm,test
2023213N20092,NOT_NAMED,NI,2023-08-01T09:00:00+00:00,SYN_PROXY,data/processed/frames/2023213N20092_202308010900.png,IR_PROXY,22.1219,89.9641,35.0,990.0,,Cyclonic Storm,test
2023213N20092,NOT_NAMED,NI,2023-08-01T12:00:00+00:00,SYN_PROXY,data/processed/frames/2023213N20092_202308011200.png,IR_PROXY,22.2,89.7,35.0,990.0,,Cyclonic Storm,test
2023294N09061,TEJ,NI,2023-10-20T12:00:00+00:00,SYN_PROXY,data/processed/frames/2023294N09061_202310201200.png,IR_PROXY,9.3,61.0,35.0,1001.0,,Cyclonic Storm,train
2023294N09061,TEJ,NI,2023-10-20T15:00:00+00:00,SYN_PROXY,data/processed/frames/2023294N09061_202310201500.png,IR_PROXY,9.6098,60.8427,37.0,1001.0,,Cyclonic Storm,train
2023294N09061,TEJ,NI,2023-10-20T18:00:00+00:00,SYN_PROXY,data/processed/frames/2023294N09061_202310201800.png,IR_PROXY,9.8,60.5,39.0,1002.0,,Cyclonic Storm,train
2023294N09061,TEJ,NI,2023-10-20T21:00:00+00:00,SYN_PROXY,data/processed/frames/2023294N09061_202310202100.png,IR_PROXY,9.8078,59.8722,45.0,999.0,,Cyclonic Storm,train
2023294N09061,TEJ,NI,2023-10-21T00:00:00+00:00,SYN_PROXY,data/processed/frames/2023294N09061_202310210000.png,IR_PROXY,9.8,59.2,51.0,997.0,,Severe Cyclonic Storm,train
2023294N09061,TEJ,NI,2023-10-21T03:00:00+00:00,SYN_PROXY,data/processed/frames/2023294N09061_202310210300.png,IR_PROXY,9.9622,58.7775,52.0,995.0,,Severe Cyclonic Storm,train
2023294N09061,TEJ,NI,2023-10-21T06:00:00+00:00,SYN_PROXY,data/processed/frames/2023294N09061_202310210600.png,IR_PROXY,10.2,58.4,54.0,994.0,,Severe Cyclonic Storm,train
2023294N09061,TEJ,NI,2023-10-21T09:00:00+00:00,SYN_PROXY,data/processed/frames/2023294N09061_202310210900.png,IR_PROXY,10.4308,57.9014,59.0,991.0,,Severe Cyclonic Storm,train
2023294N09061,TEJ,NI,2023-10-21T12:00:00+00:00,SYN_PROXY,data/processed/frames/2023294N09061_202310211200.png,IR_PROXY,10.7,57.4,64.0,988.0,,Very Severe Cyclonic Storm,train
2023294N09061,TEJ,NI,2023-10-21T15:00:00+00:00,SYN_PROXY,data/processed/frames/2023294N09061_202310211500.png,IR_PROXY,11.0171,56.9741,74.0,981.0,,Very Severe Cyclonic Storm,train
2023294N09061,TEJ,NI,2023-10-21T18:00:00+00:00,SYN_PROXY,data/processed/frames/2023294N09061_202310211800.png,IR_PROXY,11.3561,56.5811,84.0,975.0,,Very Severe Cyclonic Storm,train
2023294N09061,TEJ,NI,2023-10-21T21:00:00+00:00,SYN_PROXY,data/processed/frames/2023294N09061_202310212100.png,IR_PROXY,11.6747,56.189,94.0,969.0,,Extremely Severe Cyclonic Storm,train
2023294N09061,TEJ,NI,2023-10-22T00:00:00+00:00,SYN_PROXY,data/processed/frames/2023294N09061_202310220000.png,IR_PROXY,12.0,55.8,105.0,963.0,,Extremely Severe Cyclonic Storm,train
2023294N09061,TEJ,NI,2023-10-22T03:00:00+00:00,SYN_PROXY,data/processed/frames/2023294N09061_202310220300.png,IR_PROXY,12.3533,55.3939,105.0,961.0,,Extremely Severe Cyclonic Storm,train
2023294N09061,TEJ,NI,2023-10-22T06:00:00+00:00,SYN_PROXY,data/processed/frames/2023294N09061_202310220600.png,IR_PROXY,12.7,55.0,105.0,959.0,,Extremely Severe Cyclonic Storm,train
2023294N09061,TEJ,NI,2023-10-22T09:00:00+00:00,SYN_PROXY,data/processed/frames/2023294N09061_202310220900.png,IR_PROXY,13.015,54.62,102.0,960.0,,Extremely Severe Cyclonic Storm,train
2023294N09061,TEJ,NI,2023-10-22T12:00:00+00:00,SYN_PROXY,data/processed/frames/2023294N09061_202310221200.png,IR_PROXY,13.3,54.3,99.0,961.0,,Extremely Severe Cyclonic Storm,train
2023294N09061,TEJ,NI,2023-10-22T15:00:00+00:00,SYN_PROXY,data/processed/frames/2023294N09061_202310221500.png,IR_PROXY,13.5574,54.0848,104.0,958.0,,Extremely Severe Cyclonic Storm,train
2023294N09061,TEJ,NI,2023-10-22T18:00:00+00:00,SYN_PROXY,data/processed/frames/2023294N09061_202310221800.png,IR_PROXY,13.8,53.9,109.0,956.0,,Extremely Severe Cyclonic Storm,train
2023294N09061,TEJ,NI,2023-10-22T21:00:00+00:00,SYN_PROXY,data/processed/frames/2023294N09061_202310222100.png,IR_PROXY,14.035,53.6574,101.0,959.0,,Extremely Severe Cyclonic Storm,train
2023294N09061,TEJ,NI,2023-10-23T00:00:00+00:00,SYN_PROXY,data/processed/frames/2023294N09061_202310230000.png,IR_PROXY,14.3,53.4,93.0,963.0,,Extremely Severe Cyclonic Storm,train
2023294N09061,TEJ,NI,2023-10-23T03:00:00+00:00,SYN_PROXY,data/processed/frames/2023294N09061_202310230300.png,IR_PROXY,14.665,53.1426,88.0,969.0,,Very Severe Cyclonic Storm,train
2023294N09061,TEJ,NI,2023-10-23T06:00:00+00:00,SYN_PROXY,data/processed/frames/2023294N09061_202310230600.png,IR_PROXY,15.0,52.9,84.0,975.0,,Very Severe Cyclonic Storm,train
2023294N09061,TEJ,NI,2023-10-23T09:00:00+00:00,SYN_PROXY,data/processed/frames/2023294N09061_202310230900.png,IR_PROXY,15.1875,52.6774,79.0,977.0,,Very Severe Cyclonic Storm,train
2023294N09061,TEJ,NI,2023-10-23T12:00:00+00:00,SYN_PROXY,data/processed/frames/2023294N09061_202310231200.png,IR_PROXY,15.3,52.5,74.0,979.0,,Very Severe Cyclonic Storm,train
2023294N09061,TEJ,NI,2023-10-23T15:00:00+00:00,SYN_PROXY,data/processed/frames/2023294N09061_202310231500.png,IR_PROXY,15.415,52.3925,69.0,982.0,,Very Severe Cyclonic Storm,train
2023294N09061,TEJ,NI,2023-10-23T18:00:00+00:00,SYN_PROXY,data/processed/frames/2023294N09061_202310231800.png,IR_PROXY,15.5,52.3,64.0,986.0,,Very Severe Cyclonic Storm,train
2023294N09061,TEJ,NI,2023-10-23T21:00:00+00:00,SYN_PROXY,data/processed/frames/2023294N09061_202310232100.png,IR_PROXY,15.5575,52.1575,62.0,988.0,,Severe Cyclonic Storm,train
2023294N09061,TEJ,NI,2023-10-24T00:00:00+00:00,SYN_PROXY,data/processed/frames/2023294N09061_202310240000.png,IR_PROXY,15.6,52.0,60.0,990.0,,Severe Cyclonic Storm,train
2023294N09061,TEJ,NI,2023-10-24T03:00:00+00:00,SYN_PROXY,data/processed/frames/2023294N09061_202310240300.png,IR_PROXY,15.6475,51.8475,47.0,996.0,,Cyclonic Storm,train
2023294N09061,TEJ,NI,2023-10-24T06:00:00+00:00,SYN_PROXY,data/processed/frames/2023294N09061_202310240600.png,IR_PROXY,15.7,51.7,35.0,1002.0,,Cyclonic Storm,train
2023296N18087,HAMOON,NI,2023-10-23T06:00:00+00:00,SYN_PROXY,data/processed/frames/2023296N18087_202310230600.png,IR_PROXY,17.5,87.0,35.0,1003.0,,Cyclonic Storm,train
2023296N18087,HAMOON,NI,2023-10-23T09:00:00+00:00,SYN_PROXY,data/processed/frames/2023296N18087_202310230900.png,IR_PROXY,17.9551,87.1947,37.0,1001.0,,Cyclonic Storm,train
2023296N18087,HAMOON,NI,2023-10-23T12:00:00+00:00,SYN_PROXY,data/processed/frames/2023296N18087_202310231200.png,IR_PROXY,18.4,87.4,39.0,1000.0,,Cyclonic Storm,train
2023296N18087,HAMOON,NI,2023-10-23T15:00:00+00:00,SYN_PROXY,data/processed/frames/2023296N18087_202310231500.png,IR_PROXY,18.8222,87.6403,45.0,998.0,,Cyclonic Storm,train
2023296N18087,HAMOON,NI,2023-10-23T18:00:00+00:00,SYN_PROXY,data/processed/frames/2023296N18087_202310231800.png,IR_PROXY,19.2,88.0,51.0,997.0,,Severe Cyclonic Storm,train
2023296N18087,HAMOON,NI,2023-10-23T21:00:00+00:00,SYN_PROXY,data/processed/frames/2023296N18087_202310232100.png,IR_PROXY,19.5152,88.5551,60.0,991.0,,Severe Cyclonic Storm,train
2023296N18087,HAMOON,NI,2023-10-24T00:00:00+00:00,SYN_PROXY,data/processed/frames/2023296N18087_202310240000.png,IR_PROXY,19.8,89.2,70.0,985.0,,Very Severe Cyclonic Storm,train
2023296N18087,HAMOON,NI,2023-10-24T03:00:00+00:00,SYN_PROXY,data/processed/frames/2023296N18087_202310240300.png,IR_PROXY,20.1151,89.8299,75.0,981.0,,Very Severe Cyclonic Storm,train
2023296N18087,HAMOON,NI,2023-10-24T06:00:00+00:00,SYN_PROXY,data/processed/frames/2023296N18087_202310240600.png,IR_PROXY,20.4,90.4,80.0,978.0,,Very Severe Cyclonic Storm,train
2023296N18087,HAMOON,NI,2023-10-24T09:00:00+00:00,SYN_PROXY,data/processed/frames/2023296N18087_202310240900.png,IR_PROXY,20.5846,90.8232,77.0,979.0,,Very Severe Cyclonic Storm,train
2023296N18087,HAMOON,NI,2023-10-24T12:00:00+00:00,SYN_PROXY,data/processed/frames/2023296N18087_202310241200.png,IR_PROXY,20.8,91.2,74.0,981.0,,Very Severe Cyclonic Storm,train
2023296N18087,HAMOON,NI,2023-10-24T15:00:00+00:00,SYN_PROXY,data/processed/frames/2023296N18087_202310241500.png,IR_PROXY,21.2153,91.7018,74.0,981.0,,Very Severe Cyclonic Storm,train
2023296N18087,HAMOON,NI,2023-10-24T18:00:00+00:00,SYN_PROXY,data/processed/frames/2023296N18087_202310241800.png,IR_PROXY,21.6,92.1,74.0,981.0,,Very Severe Cyclonic Storm,train
2023296N18087,HAMOON,NI,2023-10-24T21:00:00+00:00,SYN_PROXY,data/processed/frames/2023296N18087_202310242100.png,IR_PROXY,21.7698,92.233,69.0,983.0,,Very Severe Cyclonic Storm,train
2023296N18087,HAMOON,NI,2023-10-25T00:00:00+00:00,SYN_PROXY,data/processed/frames/2023296N18087_202310250000.png,IR_PROXY,21.8,92.2,64.0,986.0,,Very Severe Cyclonic Storm,train
2023321N19088,MIDHILI,NI,2023-11-16T18:00:00+00:00,SYN_PROXY,data/processed/frames/2023321N19088_202311161800.png,IR_PROXY,19.3,88.1,35.0,1001.0,,Cyclonic Storm,val
2023321N19088,MIDHILI,NI,2023-11-16T21:00:00+00:00,SYN_PROXY,data/processed/frames/2023321N19088_202311162100.png,IR_PROXY,19.7927,88.4869,35.0,1002.0,,Cyclonic Storm,val
2023321N19088,MIDHILI,NI,2023-11-17T00:00:00+00:00,SYN_PROXY,data/processed/frames/2023321N19088_202311170000.png,IR_PROXY,20.3,88.9,35.0,1003.0,,Cyclonic Storm,val
2023321N19088,MIDHILI,NI,2023-11-17T03:00:00+00:00,SYN_PROXY,data/processed/frames/2023321N19088_202311170300.png,IR_PROXY,20.8473,89.3634,37.0,1003.0,,Cyclonic Storm,val
2023321N19088,MIDHILI,NI,2023-11-17T06:00:00+00:00,SYN_PROXY,data/processed/frames/2023321N19088_202311170600.png,IR_PROXY,21.5,89.9,39.0,1004.0,,Cyclonic Storm,val
2023321N19088,MIDHILI,NI,2023-11-17T09:00:00+00:00,SYN_PROXY,data/processed/frames/2023321N19088_202311170900.png,IR_PROXY,22.3057,90.5228,37.0,1004.0,,Cyclonic Storm,val
2023321N19088,MIDHILI,NI,2023-11-17T12:00:00+00:00,SYN_PROXY,data/processed/frames/2023321N19088_202311171200.png,IR_PROXY,23.2,91.2,35.0,1004.0,,Cyclonic Storm,val
2023337N12083,MICHAUNG,NI,2023-12-03T00:00:00+00:00,SYN_PROXY,data/processed/frames/2023337N12083_202312030000.png,IR_PROXY,11.5,82.5,35.0,1001.0,,Cyclonic Storm,test
2023337N12083,MICHAUNG,NI,2023-12-03T03:00:00+00:00,SYN_PROXY,data/processed/frames/2023337N12083_202312030300.png,IR_PROXY,11.6175,82.6275,35.0,1001.0,,Cyclonic Storm,test
2023337N12083,MICHAUNG,NI,2023-12-03T06:00:00+00:00,SYN_PROXY,data/processed/frames/2023337N12083_202312030600.png,IR_PROXY,11.8,82.7,35.0,1002.0,,Cyclonic Storm,test
2023337N12083,MICHAUNG,NI,2023-12-03T09:00:00+00:00,SYN_PROXY,data/processed/frames/2023337N12083_202312030900.png,IR_PROXY,12.0849,82.6674,37.0,1000.0,,Cyclonic Storm,test
2023337N12083,MICHAUNG,NI,2023-12-03T12:00:00+00:00,SYN_PROXY,data/processed/frames/2023337N12083_202312031200.png,IR_PROXY,12.4,82.5,39.0,999.0,,Cyclonic Storm,test
2023337N12083,MICHAUNG,NI,2023-12-03T15:00:00+00:00,SYN_PROXY,data/processed/frames/2023337N12083_202312031500.png,IR_PROXY,12.6501,82.18,42.0,997.0,,Cyclonic Storm,test
2023337N12083,MICHAUNG,NI,2023-12-03T18:00:00+00:00,SYN_PROXY,data/processed/frames/2023337N12083_202312031800.png,IR_PROXY,12.9,81.8,45.0,996.0,,Cyclonic Storm,test
2023337N12083,MICHAUNG,NI,2023-12-03T21:00:00+00:00,SYN_PROXY,data/processed/frames/2023337N12083_202312032100.png,IR_PROXY,13.245,81.4552,49.0,993.0,,Severe Cyclonic Storm,test
2023337N12083,MICHAUNG,NI,2023-12-04T00:00:00+00:00,SYN_PROXY,data/processed/frames/2023337N12083_202312040000.png,IR_PROXY,13.5,81.2,54.0,990.0,,Severe Cyclonic Storm,test
2023337N12083,MICHAUNG,NI,2023-12-04T03:00:00+00:00,SYN_PROXY,data/processed/frames/2023337N12083_202312040300.png,IR_PROXY,13.4649,81.1273,54.0,990.0,,Severe Cyclonic Storm,test
2023337N12083,MICHAUNG,NI,2023-12-04T06:00:00+00:00,SYN_PROXY,data/processed/frames/2023337N12083_202312040600.png,IR_PROXY,13.4,81.1,54.0,991.0,,Severe Cyclonic Storm,test
2023337N12083,MICHAUNG,NI,2023-12-04T09:00:00+00:00,SYN_PROXY,data/processed/frames/2023337N12083_202312040900.png,IR_PROXY,13.5549,80.9949,57.0,989.0,,Severe Cyclonic Storm,test
2023337N12083,MICHAUNG,NI,2023-12-04T12:00:00+00:00,SYN_PROXY,data/processed/frames/2023337N12083_202312041200.png,IR_PROXY,13.8,80.8,60.0,987.0,,Severe Cyclonic Storm,test
2023337N12083,MICHAUNG,NI,2023-12-04T15:00:00+00:00,SYN_PROXY,data/processed/frames/2023337N12083_202312041500.png,IR_PROXY,14.0502,80.4277,60.0,987.0,,Severe Cyclonic Storm,test
2023337N12083,MICHAUNG,NI,2023-12-04T18:00:00+00:00,SYN_PROXY,data/processed/frames/2023337N12083_202312041800.png,IR_PROXY,14.3,80.1,60.0,988.0,,Severe Cyclonic Storm,test
2023337N12083,MICHAUNG,NI,2023-12-04T21:00:00+00:00,SYN_PROXY,data/processed/frames/2023337N12083_202312042100.png,IR_PROXY,14.5124,80.0198,60.0,987.0,,Severe Cyclonic Storm,test
2023337N12083,MICHAUNG,NI,2023-12-05T00:00:00+00:00,SYN_PROXY,data/processed/frames/2023337N12083_202312050000.png,IR_PROXY,14.7,80.1,60.0,987.0,,Severe Cyclonic Storm,test
2024147N19089,REMAL,NI,2024-05-25T12:00:00+00:00,SYN_PROXY,data/processed/frames/2024147N19089_202405251200.png,IR_PROXY,18.8,89.4,35.0,993.0,,Cyclonic Storm,train
2024147N19089,REMAL,NI,2024-05-25T15:00:00+00:00,SYN_PROXY,data/processed/frames/2024147N19089_202405251500.png,IR_PROXY,18.75,89.23,35.0,991.0,,Cyclonic Storm,train
2024147N19089,REMAL,NI,2024-05-25T18:00:00+00:00,SYN_PROXY,data/processed/frames/2024147N19089_202405251800.png,IR_PROXY,18.8,89.1,35.0,990.0,,Cyclonic Storm,train
2024147N19089,REMAL,NI,2024-05-25T21:00:00+00:00,SYN_PROXY,data/processed/frames/2024147N19089_202405252100.png,IR_PROXY,19.025,89.035,37.0,990.0,,Cyclonic Storm,train
2024147N19089,REMAL,NI,2024-05-26T00:00:00+00:00,SYN_PROXY,data/processed/frames/2024147N19089_202405260000.png,IR_PROXY,19.4,89.0,39.0,990.0,,Cyclonic Storm,train
2024147N19089,REMAL,NI,2024-05-26T03:00:00+00:00,SYN_PROXY,data/processed/frames/2024147N19089_202405260300.png,IR_PROXY,19.9075,88.9575,45.0,987.0,,Cyclonic Storm,train
2024147N19089,REMAL,NI,2024-05-26T06:00:00+00:00,SYN_PROXY,data/processed/frames/2024147N19089_202405260600.png,IR_PROXY,20.4,88.9,51.0,985.0,,Severe Cyclonic Storm,train
2024147N19089,REMAL,NI,2024-05-26T09:00:00+00:00,SYN_PROXY,data/processed/frames/2024147N19089_202405260900.png,IR_PROXY,20.665,88.8149,52.0,982.0,,Severe Cyclonic Storm,train
2024147N19089,REMAL,NI,2024-05-26T12:00:00+00:00,SYN_PROXY,data/processed/frames/2024147N19089_202405261200.png,IR_PROXY,20.9,88.7,54.0,980.0,,Severe Cyclonic Storm,train
2024147N19089,REMAL,NI,2024-05-26T15:00:00+00:00,SYN_PROXY,data/processed/frames/2024147N19089_202405261500.png,IR_PROXY,21.285,88.5055,54.0,979.0,,Severe Cyclonic Storm,train
2024147N19089,REMAL,NI,2024-05-26T18:00:00+00:00,SYN_PROXY,data/processed/frames/2024147N19089_202405261800.png,IR_PROXY,21.7,88.4,54.0,978.0,,Severe Cyclonic Storm,train
2024147N19089,REMAL,NI,2024-05-26T21:00:00+00:00,SYN_PROXY,data/processed/frames/2024147N19089_202405262100.png,IR_PROXY,22.0626,88.536,52.0,978.0,,Severe Cyclonic Storm,train
2024147N19089,REMAL,NI,2024-05-27T00:00:00+00:00,SYN_PROXY,data/processed/frames/2024147N19089_202405270000.png,IR_PROXY,22.4,88.8,51.0,979.0,,Severe Cyclonic Storm,train
2024147N19089,REMAL,NI,2024-05-27T18:00:00+00:00,SYN_PROXY,data/processed/frames/2024147N19089_202405271800.png,IR_PROXY,24.2,90.4,39.0,984.0,,Cyclonic Storm,train
